gender,age,ed,retire,income,creddebt,othdebt,default,marital,homeown
0,75,16,1,13,.49725,.82875,0,1,1
1,63,13,1,55,1.390125,2.734875,0,1,1
0,53,15,0,36,.418644,.625356,0,1,1
1,61,16,0,33,.075504,1.376496,0,0,1
0,31,15,0,20,.20468,2.17532,0,0,0
1,46,10,0,54,.754272,3.133728,0,0,1
0,47,15,0,62,1.365984,3.656016,0,0,1
1,58,11,0,125,.558625,13.066375,0,0,1
0,71,8,0,146,.2774,2.4966,0,1,0
0,25,17,0,13,.378898,.388102,0,0,1
0,68,17,1,19,1.384416,1.237584,0,1,1
0,54,10,0,119,.43911,4.43989,0,0,0
0,63,15,0,45,.2673,3.7827,0,1,1
0,26,18,0,46,.14076,2.61924,0,1,1
1,35,17,0,36,1.434672,4.397328,0,1,1
1,60,13,0,73,3.05505,7.89495,0,0,1
0,34,18,0,60,1.7226,1.5774,0,0,1
0,63,21,0,237,8.849106,25.989894,0,0,1
0,64,9,0,46,.276276,6.301724,0,0,1
0,65,18,1,42,.7455,5.2185,0,0,1
0,51,19,0,62,1.029882,2.008118,0,0,1
1,46,15,0,88,.6622,2.4178,0,1,1
1,44,13,0,30,1.0701,2.6199,0,0,1
1,70,18,0,345,4.003035,10.141965,0,0,0
0,75,16,1,133,7.908978,6.189022,0,0,1
0,35,10,0,35,.28784,.83216,0,1,1
0,44,16,0,32,1.0176,.9024,0,0,1
1,25,12,0,20,.1802,1.5198,0,1,1
0,18,13,0,17,.393278,1.068722,0,0,1
1,34,14,0,48,.586656,.277344,0,1,1
0,29,15,0,15,.22275,.90225,0,1,1
0,24,18,0,28,.009184,1.138816,0,0,0
1,66,15,1,17,.118252,.510748,0,0,0
1,54,18,0,57,.276336,5.480664,0,1,1
1,49,16,0,44,.219076,.352924,0,0,0
0,27,12,0,18,1.230084,.461916,0,1,1
0,19,14,0,21,1.008315,1.028685,0,0,1
1,54,15,0,42,3.58176,5.15424,0,0,1
0,37,18,0,48,.476928,1.251072,0,0,0
1,45,16,0,53,.564079,.972921,0,1,0
0,50,17,0,97,5.78411,11.48189,0,1,1
0,57,12,0,99,2.580039,9.200961,0,1,1
0,46,14,0,113,3.358134,5.455866,0,0,1
1,78,12,1,9,.101106,.267894,0,0,1
0,65,16,1,18,.100098,1.105902,0,1,0
1,57,19,0,26,.468026,.753974,0,1,1
1,59,17,0,46,2.723292,3.854708,0,1,0
0,57,18,0,92,2.1344,8.5376,0,0,1
1,19,14,0,14,.15841,.27559,0,1,1
0,60,21,0,158,7.66379,9.55821,0,0,0
1,46,16,0,84,.3654,3.8346,0,0,0
1,68,16,0,51,1.310445,.984555,0,0,1
0,31,13,0,27,1.18503,1.37997,0,0,0
1,57,18,0,40,1.2696,1.4904,0,0,0
1,18,13,0,16,.464896,.559104,0,1,1
0,44,10,0,28,.090048,1.253952,0,0,1
0,60,19,0,52,.215072,2.072928,0,1,1
0,43,8,0,86,.257054,3.956946,0,0,1
0,68,18,1,35,.593915,1.891085,0,1,1
0,78,17,1,15,.25974,.52026,0,1,1
1,48,15,0,24,.611424,.972576,0,1,1
0,33,20,0,55,.3553,.7447,0,1,1
0,47,16,0,132,6.109488,29.002512,0,1,1
1,55,10,0,31,.806806,2.014194,0,1,0
0,35,12,0,32,2.050624,3.677376,0,0,0
0,66,11,0,32,.976128,4.975872,0,0,0
1,33,22,0,33,1.32066,.95634,0,1,0
1,58,12,0,117,4.680468,3.860532,0,1,1
1,56,17,0,34,1.596912,3.571088,0,0,1
0,21,16,0,17,.742662,.175338,0,1,1
0,38,14,0,53,1.32076,.79924,0,1,1
0,50,14,0,70,2.40828,10.75172,0,1,1
0,19,11,0,19,.698516,1.220484,0,0,1
0,66,19,0,165,3.93525,4.31475,0,0,1
1,28,13,0,29,1.390608,.755392,0,0,0
0,60,12,0,28,.614656,.953344,0,0,1
1,67,13,0,70,.34048,.98952,0,0,1
0,60,19,0,115,3.82536,21.01464,0,1,1
1,40,16,0,27,.264384,.599616,0,0,1
1,37,12,0,37,2.147924,1.256076,0,1,1
1,49,11,0,51,.842112,5.685888,0,0,1
0,19,14,0,18,.384678,.389322,0,0,1
0,55,12,0,56,1.31376,3.83824,0,0,0
0,47,17,0,34,.511632,3.364368,0,0,1
1,49,13,0,71,2.135964,5.603036,0,1,0
0,52,14,0,20,.5858,.5742,0,0,1
0,45,13,0,42,1.0353,1.4007,0,0,1
0,38,12,0,32,.597632,5.898368,0,0,0
0,42,18,0,48,1.184736,2.751264,0,1,1
0,48,13,0,36,.46728,.32472,0,0,1
1,74,12,0,255,5.62275,3.30225,0,0,0
0,77,15,1,26,.965328,2.128672,0,1,1
1,68,8,0,68,.891684,2.304316,0,0,1
0,67,16,1,55,1.09032,8.64468,0,1,1
1,54,15,0,112,3.383296,3.784704,0,1,1
1,67,15,0,63,2.486484,2.427516,0,1,1
1,32,12,0,36,.19584,2.86416,0,1,1
1,20,15,0,16,.204672,.451328,0,1,1
1,40,14,0,70,2.23125,3.71875,0,1,1
0,57,12,0,44,2.270664,3.097336,0,0,1
1,60,10,0,121,1.036728,5.739272,0,0,0
0,43,13,0,33,.247962,.181038,0,1,0
1,29,12,0,25,.8037,1.0963,0,1,1
0,39,18,0,86,.4816,2.2704,0,1,1
0,62,16,0,59,1.930775,5.090225,0,1,0
0,42,12,0,30,1.43736,1.95264,0,1,1
0,34,13,0,67,1.410283,5.088717,0,0,0
1,67,15,1,11,.22275,.37125,0,0,0
0,77,18,1,86,.808056,14.155944,0,1,0
1,25,15,0,32,1.642496,2.453504,0,0,1
1,35,18,0,51,1.697382,4.881618,0,0,1
0,64,17,0,61,4.515525,6.159475,0,0,1
0,33,19,0,44,.76472,1.17128,0,1,1
1,70,13,1,49,5.118834,1.643166,0,1,1
0,67,16,0,26,.89713,1.78087,0,1,1
0,42,6,0,45,4.21794,5.63706,0,1,1
1,77,20,1,13,.383045,.695955,0,0,1
1,62,16,0,74,4.08591,5.90409,0,1,1
0,66,17,0,66,.880968,2.221032,0,1,1
1,45,18,0,32,.10912,3.41088,0,1,1
1,66,18,0,34,.547536,3.600464,0,0,1
0,54,19,0,126,7.498008,6.109992,0,1,1
1,50,12,0,51,.887655,2.121345,0,1,1
0,61,7,1,15,.87024,.80976,0,1,1
1,70,17,1,88,.527384,.616616,0,0,1
1,39,12,0,46,1.557836,2.214164,0,1,0
0,48,15,0,56,2.159136,3.888864,0,0,1
1,79,18,1,17,.187561,.815439,0,0,1
0,73,9,0,35,.257355,1.737645,0,1,1
1,79,9,1,15,.243,.567,0,0,0
0,72,15,1,24,1.323504,1.100496,0,0,0
1,24,19,0,23,.039468,1.156532,0,1,0
1,57,17,1,12,.1905,1.3335,0,0,1
0,54,12,0,245,3.85385,31.18115,0,1,1
0,56,12,0,81,3.157056,3.889944,0,0,0
0,49,14,0,80,1.35744,2.00256,0,0,1
1,39,10,0,40,.89392,2.06608,0,1,1
1,42,16,0,71,1.413468,4.550532,0,1,1
0,22,17,0,28,.517104,2.674896,0,0,1
1,21,13,0,17,.945217,.601783,0,0,1
0,72,20,1,27,1.319166,1.434834,0,0,0
0,73,12,1,39,3.456024,2.471976,0,1,1
0,79,18,1,14,.222432,.449568,0,1,1
0,52,10,0,32,1.118688,3.009312,0,1,1
1,57,12,0,88,1.37368,4.78632,0,1,0
1,69,21,1,14,.090846,.203154,0,1,1
0,77,17,1,160,.9856,11.8144,0,0,1
1,27,14,0,26,.480376,1.131624,0,1,1
0,70,20,0,61,.671,2.379,0,0,1
0,76,10,1,12,.23004,.41796,0,0,0
0,67,16,0,137,8.697856,8.838144,0,1,1
1,30,11,0,29,1.31544,2.86056,0,0,0
0,57,15,0,105,4.87305,7.62195,0,0,1
1,43,21,0,69,5.099859,9.597141,0,1,1
0,24,17,0,28,.312816,1.815184,0,0,1
1,66,12,0,72,.84672,4.91328,0,0,1
1,38,21,0,45,1.63152,3.00348,0,0,0
1,39,11,0,32,.779712,1.204288,0,0,1
0,65,14,0,38,4.938024,3.459976,0,0,0
1,59,16,0,34,.38335,1.48665,0,1,1
0,74,16,1,70,2.63032,5.90968,0,1,1
1,59,11,1,32,.209152,2.542848,0,1,1
1,77,16,1,15,.6288,1.7712,0,0,0
1,24,10,0,30,.45513,.71487,0,0,0
1,52,12,0,36,1.26144,3.99456,0,1,1
1,35,7,0,16,.18144,.82656,0,0,0
1,64,16,1,24,.216,.384,0,0,1
0,60,7,0,28,.196588,.279412,0,1,0
0,59,15,0,89,2.441715,2.809285,0,1,1
0,38,10,0,34,.134028,.783972,0,1,1
1,57,10,0,68,4.142696,1.501304,0,0,0
0,28,18,0,32,.417248,1.470752,0,0,1
0,26,15,0,31,.187395,.215605,0,0,1
0,27,12,0,21,.430353,1.018647,0,1,1
1,69,17,1,10,.0949,.5551,0,0,0
1,67,20,0,89,1.92774,4.83626,0,0,0
0,40,12,0,63,3.078054,3.347946,0,0,1
1,63,18,0,41,.520864,.135136,0,0,1
1,40,13,0,19,.89262,1.31138,0,0,1
0,66,10,0,34,1.372342,6.209658,0,0,1
1,47,16,0,39,.293475,1.383525,0,1,1
0,41,9,0,21,.890715,.894285,0,1,1
1,68,15,1,17,1.445136,1.410864,0,0,1
1,27,14,0,21,.10962,1.78038,0,0,1
0,78,9,1,25,1.089,3.411,0,1,1
0,51,19,0,54,1.238544,8.913456,0,0,1
1,78,14,1,12,.274848,.397152,0,0,0
0,42,19,0,45,.16146,1.59354,0,1,1
0,45,10,0,28,.96614,.90986,0,1,1
0,67,12,0,39,.61152,3.75648,0,0,0
0,51,18,0,143,5.870865,10.574135,0,1,0
0,57,13,0,51,3.034245,5.278755,0,0,1
1,68,14,1,10,.3082,.1518,0,1,0
0,54,22,0,642,11.251692,18.280308,0,1,1
0,69,12,0,56,2.7468,2.2932,0,1,1
0,46,18,0,110,5.56512,21.71488,0,0,0
0,46,15,0,52,.912288,1.739712,0,0,0
1,51,13,0,76,.569088,2.166912,0,0,1
0,75,14,1,11,.41184,.90816,0,1,1
1,41,11,0,37,.122322,1.986678,0,0,1
1,37,20,0,32,.82656,1.41344,0,1,0
0,51,18,0,151,2.967301,3.525699,0,1,1
1,46,13,0,89,3.1239,5.7761,0,0,0
0,42,15,0,42,1.964004,2.361996,0,1,1
1,31,15,0,31,.6944,1.0416,0,0,1
1,51,15,0,43,.940324,.951676,0,0,0
0,77,12,1,17,.014433,.036567,0,1,0
1,54,12,0,41,.351944,2.682056,0,0,1
0,39,19,0,92,3.02588,7.09412,0,0,1
1,69,16,1,13,.19812,.32188,0,0,0
1,45,7,0,37,.232804,1.395196,0,0,0
1,47,7,0,92,3.140696,15.443304,0,1,1
0,32,20,0,48,.321264,.782736,0,0,1
1,35,14,0,72,.619344,1.828656,0,0,1
0,31,17,0,17,.899844,1.344156,0,0,1
1,68,8,0,56,.343224,1.168776,0,0,1
0,56,15,0,82,.80688,12.64112,0,1,1
1,60,9,0,44,2.5575,4.2625,0,1,1
0,40,18,0,39,1.240512,1.255488,0,1,1
1,68,15,0,36,.931248,3.244752,0,0,1
1,26,18,0,72,1.368576,3.815424,0,0,1
0,65,15,0,273,9.86076,6.51924,0,0,1
0,41,20,0,91,3.298295,1.706705,0,1,1
1,68,13,1,15,1.273605,1.681395,0,0,0
0,57,17,0,93,1.432665,4.612335,0,1,1
0,51,14,0,56,.594048,1.309952,0,1,1
0,41,15,0,68,1.975468,7.476532,0,0,1
0,56,20,0,183,2.276703,23.892297,0,0,0
1,39,20,0,43,.775462,4.685538,0,1,0
1,61,12,0,40,2.22904,5.25096,0,1,1
0,49,17,0,69,.466923,4.156077,0,1,1
0,61,18,1,9,.24102,.34398,0,0,0
1,41,15,0,54,.801414,1.952586,0,0,0
1,39,17,0,48,.38304,4.65696,0,1,1
0,67,9,0,27,.629532,4.797468,0,1,1
1,52,11,0,47,.132587,.196413,0,1,1
1,35,14,0,60,.0234,.0966,0,1,1
1,33,16,0,35,.24395,.35105,0,1,0
0,54,16,0,30,1.44801,3.74199,0,1,1
0,75,11,0,40,.1856,4.4544,0,1,0
0,71,20,0,68,1.436704,1.147296,0,0,0
0,72,8,0,24,.403824,.724176,0,0,0
1,52,7,0,29,.056347,1.886653,0,1,1
1,63,20,0,37,1.554185,4.180815,0,1,1
1,32,13,0,50,.3864,1.0136,0,0,1
0,24,19,0,64,.616896,2.647104,0,0,1
0,74,17,0,51,1.295604,6.150396,0,1,0
1,74,9,1,27,.658368,.205632,0,1,1
1,75,11,1,14,.563388,1.032612,0,0,1
1,62,13,0,157,3.73503,15.41897,0,0,0
1,53,14,0,18,.220374,2.641626,0,1,1
1,51,15,0,122,.80886,2.36314,0,1,0
0,61,11,0,232,3.4742,2.3258,0,1,1
0,56,18,0,34,1.12489,1.08511,0,1,1
1,54,11,0,62,.35712,.75888,0,1,0
0,33,22,0,57,.975612,1.532388,0,0,1
1,50,20,0,50,.0456,.3544,0,1,1
0,21,16,0,52,.526656,1.969344,0,0,1
0,70,16,1,22,.94468,3.23532,0,0,1
0,62,19,0,30,1.5888,3.2112,0,0,0
0,66,8,1,9,.114669,.164331,0,0,0
0,66,10,0,64,3.18848,3.59552,0,1,0
0,31,12,0,32,.217728,.358272,0,0,0
1,78,15,0,38,.124222,.141778,0,0,0
0,69,14,1,20,.50728,.85272,0,0,0
1,33,10,0,36,1.7901,.5499,0,1,1
1,41,16,0,46,.557612,2.110388,0,0,1
0,28,14,0,24,.46644,2.29356,0,1,1
0,76,12,1,21,.473298,.765702,0,1,1
1,26,20,0,81,2.248155,2.692845,0,0,1
1,49,18,0,145,5.832335,4.752665,0,0,1
1,78,11,1,12,.37146,1.44054,0,1,1
1,56,14,1,12,1.040076,1.035924,0,1,0
1,71,15,1,24,.707232,2.628768,0,0,0
0,54,12,0,30,4.2222,.4278,0,1,1
0,41,18,0,119,4.831162,7.782838,0,0,1
1,64,8,1,10,.03876,.64124,0,1,1
1,50,15,0,50,.36,.54,0,0,1
1,33,11,0,31,.497426,3.005574,0,0,0
1,77,15,1,48,.489216,4.886784,0,0,1
0,66,13,1,18,.199332,.682668,0,1,0
1,35,10,0,26,.119028,.972972,0,0,0
0,69,13,1,91,1.925196,1.987804,0,1,1
0,78,14,1,17,.27336,.74664,0,0,0
1,65,17,0,70,1.17978,6.24022,0,1,1
0,24,17,0,22,.326898,.531102,0,1,1
0,35,14,0,32,.060544,1.315456,0,0,1
1,22,11,0,26,.763256,1.368744,0,1,1
0,74,15,1,12,.086592,.105408,0,1,0
1,22,17,0,30,.456,2.394,0,1,1
0,46,17,0,75,2.1321,3.0429,0,0,1
1,32,10,0,47,1.303968,3.208032,0,1,1
1,72,10,0,59,2.825569,2.071431,0,1,0
1,32,21,0,55,1.170675,1.304325,0,0,1
0,59,18,0,128,4.397056,10.066944,0,0,0
0,63,15,0,103,.999306,9.197694,0,1,1
0,51,12,0,70,2.3681,9.5319,0,1,1
0,69,19,0,62,1.408144,2.807856,0,1,1
0,22,9,0,14,.65835,.72765,0,0,1
0,36,12,0,26,.883844,.312156,0,0,0
0,22,15,0,38,1.80747,2.18253,0,1,1
1,68,13,1,50,.14245,1.70755,0,0,0
0,68,15,1,12,1.642032,1.381968,0,1,1
1,36,16,0,33,1.315578,.730422,0,1,1
1,23,11,0,18,.012096,.131904,0,0,0
0,76,14,1,10,.12062,.61938,0,1,1
1,27,18,0,38,1.673292,5.128708,0,0,0
1,66,17,0,34,1.037136,2.124864,0,0,0
1,73,15,1,15,.48081,.44919,0,0,1
0,59,9,0,38,.563958,1.374042,0,0,0
0,36,10,0,38,.48108,.27892,0,1,0
1,71,14,1,10,.39732,.44268,0,0,1
0,49,15,0,26,.27378,.89622,0,0,1
1,69,9,1,13,.482365,1.870635,0,0,0
1,35,19,0,26,.8931,3.0069,0,0,0
0,43,14,0,60,.672,.828,0,0,1
1,59,19,0,55,.87912,1.10088,0,0,1
0,61,19,0,211,10.2968,15.4452,0,1,1
1,19,14,0,32,2.19744,1.29056,0,1,0
0,60,18,0,101,5.906783,17.626217,0,1,1
0,72,17,1,18,.027648,.080352,0,1,0
0,23,10,0,39,.270504,2.381496,0,1,0
0,32,19,0,81,3.435372,4.016628,0,1,1
1,24,19,0,31,1.271248,1.456752,0,1,0
1,78,12,1,26,.509652,1.206348,0,0,0
1,25,15,0,32,.368896,1.039104,0,1,1
1,70,23,0,58,2.391688,1.146312,0,1,1
0,31,17,0,50,.9646,4.3354,0,0,1
0,68,7,0,64,.445056,1.986944,0,1,1
0,53,19,0,174,2.185092,13.648908,0,1,1
0,47,17,0,55,.19118,4.15382,0,1,0
0,30,19,0,67,.699748,1.176252,0,1,1
1,75,12,1,21,.056889,.384111,0,0,0
0,44,11,0,34,1.867008,1.668992,0,1,1
0,71,17,1,11,.255816,.371184,0,1,1
0,77,13,1,15,.66402,2.39598,0,0,1
0,68,10,1,9,.30438,.55062,0,0,0
0,23,18,0,43,.34056,1.07844,0,0,0
1,65,15,0,66,3.907464,1.504536,0,1,1
0,24,17,0,18,.37422,1.60578,0,1,1
1,65,17,1,13,.474721,.214279,0,1,1
1,49,17,0,28,.289884,3.042116,0,0,1
0,26,12,0,28,.99176,.96824,0,1,1
0,58,8,0,84,2.32596,8.59404,0,0,1
1,43,17,0,33,1.88496,7.35504,0,0,1
0,69,17,0,55,1.305645,5.459355,0,1,1
1,57,15,0,62,.21576,5.17824,0,0,1
1,34,14,0,25,1.8483,4.2517,0,1,1
0,41,9,0,21,.336294,.734706,0,0,0
0,70,13,0,34,.96237,10.35963,0,1,0
1,68,10,0,87,.894534,3.716466,0,1,0
0,61,15,1,12,1.035252,.752748,0,1,1
0,52,12,0,110,.4719,17.6781,0,1,1
0,18,13,0,18,.914004,.489996,0,0,0
0,56,19,0,83,1.010359,2.060641,0,0,1
1,67,19,1,22,.08228,2.33772,0,0,1
0,56,15,0,105,2.663325,6.681675,0,0,1
0,47,15,0,73,2.47032,4.39168,0,1,1
0,28,11,0,23,.20585,.94415,0,0,0
0,67,11,0,126,9.2232,21.5208,0,1,1
1,76,18,0,27,1.104894,3.161106,0,0,0
1,39,11,0,31,.10633,.20367,0,0,0
1,78,21,1,49,4.458314,5.047686,0,0,0
0,47,18,0,153,5.105916,10.653084,0,1,1
0,73,21,0,126,.97902,2.80098,0,1,0
0,23,12,0,20,.47508,1.74492,0,0,0
1,56,21,0,58,.397996,8.070004,0,1,0
0,55,19,0,43,.875265,2.091735,0,1,0
1,66,12,0,242,13.642992,14.429008,0,0,1
1,71,13,0,108,1.997136,2.970864,0,0,1
1,62,10,1,27,1.499904,1.848096,0,0,0
1,76,16,1,11,.3091,.7909,0,0,1
1,53,17,0,35,.67095,2.47905,0,1,0
1,73,16,0,43,.177504,1.198496,0,0,0
1,24,12,0,23,1.03983,.47817,0,1,0
0,45,19,0,107,2.074944,8.732056,0,1,1
1,24,13,0,24,1.587168,1.580832,0,1,1
1,30,16,0,25,.22625,.39875,0,1,1
1,64,12,0,70,.69412,1.89588,0,0,0
1,52,13,0,57,.341088,1.482912,0,0,1
1,54,15,0,147,.991809,4.741191,0,0,1
0,20,15,0,45,.5751,.2349,0,0,0
0,73,12,0,72,2.64708,4.19292,0,0,1
0,70,12,0,91,7.998354,7.562646,0,0,0
0,72,16,1,16,.6048,1.0752,0,0,1
1,73,16,0,32,.781824,.754176,0,0,1
0,28,18,0,56,1.312192,11.679808,0,0,0
1,42,10,0,48,.247776,1.144224,0,0,0
1,37,18,0,44,.794508,.921492,0,0,0
1,60,12,0,72,.268272,1.387728,0,1,1
1,36,14,0,17,.17952,.94248,0,0,1
0,69,14,0,99,4.050684,6.443316,0,1,0
1,45,10,0,88,2.404424,5.427576,0,0,1
1,75,11,1,24,.723096,1.268904,0,1,1
1,59,18,0,61,.751032,2.542968,0,1,1
1,31,14,0,68,1.325388,4.726612,0,1,1
0,39,18,0,85,.92701,2.30299,0,0,1
0,72,17,1,30,.7209,.8991,0,1,1
0,54,12,0,76,1.523116,2.200884,0,1,0
1,37,18,0,61,.690276,.712724,0,0,0
0,43,12,0,31,2.491625,1.383375,0,0,1
1,79,8,1,16,.096512,.735488,0,1,1
1,65,11,0,65,2.71986,5.86014,0,0,1
0,31,10,0,17,.627385,1.429615,0,0,1
0,72,13,1,14,.705376,.232624,0,0,0
1,73,14,0,72,5.625216,5.318784,0,0,0
0,79,14,1,17,1.1152,1.6728,0,0,0
1,33,13,0,27,1.266435,3.026565,0,1,0
1,22,17,0,29,1.549644,3.757356,0,0,1
0,28,12,0,22,1.01816,1.26984,0,0,0
1,19,14,0,22,.480216,.641784,0,1,0
0,38,20,0,33,.9636,.6864,0,0,1
0,56,14,0,49,.32585,.89915,0,1,0
1,74,10,0,54,1.15425,2.89575,0,0,0
1,57,9,0,75,1.88955,2.38545,0,0,1
0,38,14,0,74,.97236,1.24764,0,0,1
1,50,15,0,64,.407808,1.896192,0,0,1
0,65,13,0,27,.45279,.70821,0,0,1
0,28,16,0,22,.293304,.674696,0,1,1
1,70,10,0,171,.30096,14.74704,0,0,1
0,65,12,0,171,7.159599,18.319401,0,0,0
0,59,18,0,173,3.092721,7.114279,0,0,0
1,57,12,0,56,2.460976,5.715024,0,1,1
1,65,10,0,221,4.38464,4.45536,0,0,1
1,18,13,0,21,.10353,.10647,0,0,1
1,45,13,0,36,.809676,4.482324,0,1,1
1,72,15,0,35,.714,2.856,0,0,0
0,60,14,1,10,.19482,.31518,0,1,1
0,50,12,0,163,.751104,4.464896,0,1,0
1,64,8,1,10,.41422,1.07578,0,0,1
1,41,20,0,184,3.580456,7.643544,0,0,1
0,68,16,1,14,.047558,1.058442,0,0,0
0,78,17,1,11,.307197,.649803,0,1,0
0,40,21,0,31,2.0925,5.6575,0,1,0
0,79,9,1,12,.288,.864,0,1,1
1,44,20,0,66,.200772,.393228,0,1,0
0,77,10,1,9,.176337,.390663,0,1,0
0,49,14,0,103,1.3596,3.7904,0,1,1
0,69,12,0,19,.55575,1.66725,0,0,0
0,52,17,0,53,.821712,.980288,0,1,0
0,71,12,1,12,.171756,.296244,0,0,1
0,73,11,1,12,.16464,.17136,0,0,0
1,24,16,0,13,.233896,.104104,0,1,1
1,54,20,0,46,.197064,1.366936,0,0,1
0,29,15,0,20,.2024,.6776,0,1,0
1,20,10,0,22,1.3409,1.1891,0,1,0
1,52,13,0,60,.17172,3.00828,0,0,1
1,63,17,0,64,2.865408,5.006592,0,1,1
1,70,13,1,17,.888488,3.837512,0,0,0
0,42,13,0,110,2.97,2.97,0,0,0
0,52,18,0,108,1.5012,13.5108,0,1,1
1,20,8,0,17,.199614,.446386,0,1,0
0,48,11,0,31,.522288,3.104712,0,1,1
1,38,14,0,29,.8091,.9309,0,1,1
0,45,13,0,26,.98176,.68224,0,0,0
0,48,14,0,22,.02992,1.73008,0,1,0
1,59,13,0,57,5.430618,2.207382,0,0,1
0,49,14,0,86,3.805844,1.182156,0,0,1
0,67,13,0,46,.516166,1.737834,0,1,1
1,31,10,0,29,.304442,1.377558,0,0,1
1,64,12,0,39,.852774,1.409226,0,1,1
1,33,14,0,42,.315168,.272832,0,0,0
0,49,11,0,59,.094164,2.383836,0,1,1
0,71,17,1,40,2.2378,.4422,0,1,0
1,67,15,0,40,1.55136,2.28864,0,1,1
1,39,19,0,68,2.44766,5.37234,0,0,1
0,77,21,1,9,.208656,.412344,0,1,1
1,20,14,0,19,.912703,1.386297,0,1,1
0,70,11,1,32,2.25984,1.16416,0,0,1
0,75,16,0,23,1.726656,2.965344,0,1,1
0,35,14,0,59,2.298758,2.244242,0,0,0
1,24,11,0,21,.334719,.988281,0,0,1
0,34,9,0,23,.14812,.38088,0,0,1
1,78,14,1,26,.128128,1.015872,0,0,0
1,78,18,1,17,.394128,.557872,0,0,1
0,23,15,0,37,.551485,1.483515,0,0,1
0,43,18,0,73,1.302685,1.836315,0,0,1
0,75,17,1,10,.178,1.822,0,0,1
0,57,12,0,44,.3454,.7546,0,0,1
1,52,20,0,26,.71643,.71357,0,1,1
0,71,19,1,12,.030276,1.013724,0,1,1
1,66,12,0,21,.4095,3.6855,0,1,1
1,34,16,0,29,.480356,4.275644,0,0,0
0,77,9,1,34,.409836,3.772164,0,1,1
1,28,13,0,77,1.945944,4.291056,0,1,1
1,72,20,1,65,1.319565,3.035435,0,0,0
1,42,13,0,38,2.039232,1.228768,0,1,1
0,53,19,0,86,1.369808,6.198192,0,0,1
0,22,12,0,19,.469908,1.582092,0,0,1
1,63,14,0,31,.230175,.544825,0,0,1
1,57,12,0,35,1.344,2.156,0,0,1
0,39,18,0,69,.584637,1.968363,0,1,1
1,40,13,0,36,.10404,1.11996,0,0,1
0,73,12,0,41,2.24393,3.08607,0,0,0
1,47,14,0,79,2.709147,2.899853,0,0,0
0,52,12,0,34,.211616,.332384,0,1,0
1,43,12,0,38,1.01707,2.82093,0,0,1
1,74,16,0,45,.94095,.40905,0,1,1
0,50,10,0,51,.622098,2.284902,0,1,1
1,37,17,0,23,.05244,.29256,0,0,1
0,55,12,0,60,.90036,1.55964,0,1,1
1,46,15,0,59,.735553,7.347447,0,0,1
1,75,11,1,10,.1026,.2774,0,1,1
1,19,14,0,21,.047628,.834372,0,0,0
1,29,13,0,42,2.048466,4.293534,0,1,1
1,58,11,0,59,1.823808,3.132192,0,1,1
0,49,14,0,55,5.46315,3.00685,0,1,0
0,67,12,0,47,2.88956,2.56244,0,1,0
1,37,9,0,41,.232716,3.293284,0,0,0
1,46,16,0,33,2.00376,1.95624,0,0,1
0,78,17,0,100,1.7286,2.5714,0,0,1
0,23,9,0,24,.025632,.262368,0,1,0
0,51,10,0,26,.24128,.51272,0,1,0
0,21,16,0,27,.044145,.360855,0,0,0
1,27,18,0,20,.7958,.1242,0,1,1
0,18,13,0,18,.1044,.2556,0,0,0
1,38,20,0,44,.826848,3.001152,0,0,1
1,37,16,0,46,1.217528,1.174472,0,1,1
1,71,14,1,39,1.544634,1.146366,0,0,1
1,51,10,0,73,.532389,3.190611,0,1,1
1,77,10,1,22,.160952,1.203048,0,1,1
0,63,13,0,39,.435864,1.280136,0,1,0
0,51,19,0,68,1.153008,1.294992,0,0,0
1,24,19,0,22,.693528,.868472,0,1,1
0,40,16,0,168,4.771872,13.372128,0,0,1
0,21,16,0,43,1.076677,1.030323,0,1,1
1,36,17,0,69,2.317848,2.926152,0,0,1
0,43,14,0,50,.8925,5.0575,0,1,1
0,51,13,0,58,1.311728,1.240272,0,0,0
0,18,13,0,16,1.366944,1.417056,0,0,1
1,42,16,0,42,.376656,2.815344,0,0,1
1,36,15,0,60,1.21878,2.44122,0,1,1
0,75,20,1,279,5.974506,6.022494,0,1,1
0,62,18,0,84,.85932,8.38068,0,0,0
1,34,14,0,37,.075887,.183113,0,1,1
1,76,9,1,9,.009,.216,0,0,0
0,41,10,0,28,.71568,2.64432,0,1,1
0,36,20,0,40,.68432,2.95568,0,1,1
0,68,10,0,120,.39204,.68796,0,1,1
1,40,15,0,50,6.51375,4.73625,0,0,1
0,39,18,0,53,.33814,.82786,0,1,1
0,62,19,1,21,1.042062,.763938,0,1,0
0,47,17,0,58,2.004944,4.723056,0,1,0
1,33,13,0,30,1.63152,4.54848,0,1,0
0,46,19,0,45,.87084,9.74916,0,1,1
0,25,18,0,16,.442176,.341824,0,1,1
1,22,9,0,24,.54636,2.93364,0,0,0
0,66,12,1,11,.218834,.419166,0,0,0
1,25,11,0,22,.15939,3.38261,0,1,0
0,21,13,0,16,.671424,.576576,0,1,1
1,64,17,0,307,.74601,3.85899,0,1,0
0,74,11,0,103,5.918277,5.102723,0,1,0
1,29,14,0,30,.26883,.60117,0,0,1
1,66,12,0,41,1.08978,1.37022,0,0,1
0,79,10,1,13,.50193,2.07207,0,0,0
1,21,16,0,23,.205436,.300564,0,0,1
1,57,14,0,48,.47808,3.50592,0,1,1
0,46,10,0,25,.816,.384,0,1,1
1,40,11,0,36,.658368,4.525632,0,0,0
0,60,17,0,57,2.839683,1.549317,0,1,1
1,68,15,1,10,.11622,.27378,0,1,1
0,67,13,1,16,1.806272,3.601728,0,1,1
0,45,12,0,50,.1219,1.0281,0,1,0
0,67,11,0,57,1.96878,4.30122,0,1,1
1,28,13,0,45,.3564,1.6236,0,0,1
0,52,21,0,82,2.31322,3.01678,0,1,1
1,41,20,0,35,1.6744,3.9256,0,0,1
0,18,13,0,48,1.165536,1.570464,0,0,1
1,57,20,0,82,.44649,4.06351,0,1,0
1,50,14,0,133,7.03171,4.27329,0,1,1
0,40,14,0,36,.650808,4.065192,0,0,1
0,43,17,0,24,.8424,2.9016,0,0,1
1,30,14,0,45,1.39932,2.74068,0,1,0
1,26,21,0,40,.2272,2.9728,0,1,1
0,34,20,0,42,.464436,1.929564,0,1,1
0,76,8,0,34,.7514,1.5606,0,1,1
1,35,13,0,34,.315588,.568412,0,0,1
1,62,11,1,14,1.100274,1.713726,0,1,1
1,31,16,0,25,.438,.312,0,0,1
0,62,16,0,55,1.960695,6.454305,0,1,0
1,74,12,1,79,2.008575,3.916425,0,0,0
0,77,19,1,32,.2784,.5216,0,0,1
1,61,9,0,86,.85785,.94815,0,0,0
0,78,18,1,9,.441396,1.205604,0,1,0
1,74,15,1,9,.421317,1.099683,0,1,0
1,38,12,0,38,.732336,.939664,0,1,1
1,43,17,0,45,.2646,.2754,0,0,0
1,66,21,0,28,1.252524,1.351476,0,1,0
1,46,18,0,69,1.485432,5.690568,0,1,0
0,28,8,0,26,.237718,.828282,0,1,1
1,71,12,1,11,.055594,.153406,0,0,1
1,18,13,0,15,.147645,.617355,0,0,1
1,33,12,0,41,.713031,.639969,0,1,1
0,64,15,0,60,1.122,9.078,0,1,0
1,24,19,0,21,.078078,.194922,0,0,0
1,57,13,0,47,1.219932,3.621068,0,1,0
1,48,13,0,45,.311535,.723465,0,1,1
0,76,14,0,36,.75816,2.48184,0,1,1
1,59,19,0,28,.138992,1.765008,0,0,0
0,45,20,0,65,1.28427,3.52573,0,0,1
1,68,8,0,43,2.585289,3.735711,0,0,0
1,50,14,0,48,1.39104,4.12896,0,1,1
0,52,21,0,185,1.520145,44.544855,0,1,1
1,51,12,0,52,.430508,.453492,0,1,1
0,33,15,0,76,.768056,3.943944,0,1,1
1,76,15,0,39,2.294916,5.037084,0,0,0
0,48,15,0,24,1.6302,1.8018,0,0,1
0,71,17,0,103,1.475784,2.232216,0,1,1
0,63,15,0,44,1.7193,1.5807,0,1,0
1,68,14,1,9,.377496,1.386504,0,0,0
1,69,21,1,12,.220032,.163968,0,1,1
1,39,9,0,20,1.00036,.77964,0,0,0
0,43,16,0,92,2.374152,3.973848,0,1,1
0,32,12,0,26,.376194,1.001806,0,1,1
0,26,15,0,32,.79376,.51824,0,1,0
0,70,15,0,27,1.340928,2.115072,0,1,0
1,78,9,1,35,.14651,.76349,0,0,0
1,62,14,0,62,1.089774,4.676226,0,0,1
1,34,11,0,23,1.06536,1.69464,0,0,1
0,37,18,0,65,1.03545,2.79955,0,1,1
0,22,17,0,19,.16834,.21166,0,1,1
0,75,10,1,9,.112644,.265356,0,0,0
1,53,19,0,192,3.212352,24.243648,0,1,1
1,27,17,0,53,.965448,2.691552,0,1,1
1,79,12,1,56,2.12268,3.19732,0,1,0
0,50,13,0,142,4.336254,7.165746,0,1,1
0,35,16,0,19,.316008,.709992,0,0,1
0,56,11,0,35,.4403,1.9397,0,0,1
0,63,9,0,31,2.4211,4.3989,0,0,0
0,50,12,0,27,.100359,1.492641,0,0,1
0,62,19,0,27,.264384,.653616,0,1,1
1,67,12,0,193,15.634544,31.457456,0,0,0
1,47,15,0,39,.217269,.133731,0,1,1
0,26,14,0,32,1.144896,1.703104,0,1,0
0,65,13,0,142,9.858492,9.027508,0,1,1
0,37,17,0,21,1.1529,.9471,0,0,0
0,41,20,0,67,3.112284,2.515716,0,0,1
0,73,10,1,9,.150822,.362178,0,0,0
0,77,10,1,12,.202488,1.213512,0,1,1
0,79,14,1,21,1.348872,1.759128,0,0,0
0,47,20,0,76,1.0374,4.2826,0,1,0
1,26,11,0,22,1.320528,1.385472,0,1,1
1,38,20,0,34,.80376,1.23624,0,0,0
0,65,18,0,57,.007125,.049875,0,1,1
0,22,13,0,36,.238392,5.305608,0,1,1
1,73,14,1,14,.206388,.549612,0,1,0
1,52,16,0,46,.511566,1.006434,0,1,0
1,61,10,0,123,.460635,3.844365,0,0,1
0,74,10,0,36,1.069704,1.918296,0,0,1
0,62,11,0,157,10.857492,6.883508,0,0,1
0,67,11,1,68,5.425584,7.018416,0,1,1
0,23,18,0,61,1.46766,2.19234,0,1,1
1,56,17,0,129,.042312,.473688,0,0,0
1,70,16,0,72,1.6632,3.0888,0,0,1
1,37,13,0,76,2.10672,6.25328,0,0,0
1,29,16,0,46,.5382,.8418,0,1,0
0,74,8,0,48,3.26592,1.77408,0,1,0
1,35,8,0,35,.76447,1.58053,0,1,0
0,63,15,0,47,.140859,3.666141,0,0,1
1,34,14,0,30,.75816,3.92184,0,1,0
1,64,19,1,11,.068112,.723888,0,0,0
0,69,16,1,11,.07392,1.08108,0,1,1
0,47,18,0,31,1.34385,1.29115,0,1,0
1,58,18,0,77,1.460844,10.320156,0,0,0
0,72,11,0,42,3.012324,1.565676,0,0,1
0,37,14,0,27,1.029375,2.345625,0,1,0
1,72,12,0,191,7.744286,10.782714,0,0,1
0,66,10,1,10,.0814,.1186,0,0,0
1,52,17,0,116,1.59152,6.52848,0,0,1
1,31,19,0,15,.267,.483,0,0,1
1,42,16,0,97,.59073,3.48327,0,1,0
1,48,18,0,46,1.480878,1.417122,0,1,1
1,44,16,0,70,.66528,2.41472,0,1,1
0,49,13,0,31,.662718,.639282,0,0,1
1,70,20,0,66,4.252248,6.043752,0,1,1
1,24,8,0,17,.301903,.701097,0,1,1
0,47,19,0,76,3.343392,10.944608,0,0,0
0,56,10,0,157,8.630604,8.325396,0,1,1
1,78,17,1,14,.26691,1.03509,0,0,0
1,49,7,0,21,.262143,1.270857,0,1,1
0,52,17,0,38,.5187,2.1413,0,0,1
0,61,17,1,10,.09384,1.74616,0,1,1
1,70,13,1,9,.456624,.902376,0,0,1
1,63,15,1,49,2.162517,4.746483,0,1,0
1,33,14,0,31,.631098,1.786902,0,0,0
1,58,12,0,44,.503316,1.300684,0,0,1
1,76,11,1,9,.130572,.148428,0,0,1
1,79,21,1,9,.465516,.740484,0,0,0
0,36,15,0,39,.43368,2.68632,0,1,0
0,33,14,0,36,1.71288,.15912,0,1,0
1,44,11,0,62,.456754,2.829246,0,0,0
0,71,11,1,11,.140107,.376893,0,1,0
1,68,11,1,11,.074844,.321156,0,1,0
1,57,13,1,29,.4466,.5684,0,1,1
0,41,14,0,17,.480029,2.086971,0,1,0
0,66,13,1,18,.236052,2.751948,0,1,0
0,31,12,0,27,.726327,.974673,0,1,1
1,61,18,0,274,5.430132,9.365868,0,1,0
0,33,17,0,40,.524,1.476,0,1,1
1,29,19,0,16,.054496,.361504,0,0,0
0,35,20,0,235,.57105,3.65895,0,1,1
1,19,14,0,23,1.395387,1.065613,0,1,1
0,21,16,0,16,.0848,.3152,0,0,1
1,42,15,0,38,.6289,1.2711,0,1,1
0,64,15,0,90,1.45125,5.29875,0,0,1
0,58,15,0,75,.57375,5.80125,0,1,1
1,43,22,0,35,1.35828,3.05172,0,0,1
1,50,9,0,25,.1884,.4116,0,1,1
1,74,19,1,27,.626886,.075114,0,0,1
1,28,10,0,25,.08775,2.16225,0,1,1
1,65,8,0,125,2.4095,5.2155,0,0,1
1,58,10,0,76,.7847,3.6993,0,1,1
1,29,15,0,45,.412335,1.792665,0,0,0
1,40,18,0,84,.538356,1.897644,0,0,1
1,28,11,0,25,.272,2.928,0,1,1
1,38,14,0,31,.663586,1.723414,0,1,1
0,43,18,0,142,1.14168,4.53832,0,0,1
0,48,11,0,80,.47616,4.64384,0,1,1
1,38,17,0,26,.264862,1.321138,0,0,1
0,51,15,0,151,4.03623,4.11777,0,0,1
1,71,12,0,31,.630385,.888615,0,0,1
0,54,14,0,75,.6588,8.4912,0,0,1
0,59,14,1,56,.38528,1.40672,0,1,1
0,44,16,0,74,4.158948,3.389052,0,0,1
1,79,17,1,18,.408618,.833382,0,0,0
1,43,16,0,203,2.563078,21.390922,0,1,1
1,59,18,0,18,.378972,.665028,0,0,0
0,79,19,1,159,4.044483,5.654517,0,0,0
0,44,12,0,41,2.21728,4.34272,0,0,1
1,35,11,0,40,.11088,2.52912,0,1,1
0,64,9,0,52,.0091,.2509,0,1,1
0,21,10,0,32,1.777664,1.806336,0,0,1
0,49,12,0,51,3.779712,6.063288,0,1,0
0,70,14,0,128,1.299456,7.916544,0,1,1
0,76,10,1,20,.8508,.3492,0,1,1
0,40,15,0,18,.444924,.167076,0,1,0
1,62,17,0,89,.895607,1.685393,0,0,1
1,50,18,0,109,3.413226,7.704774,0,1,1
1,26,15,0,46,.4784,.7176,0,0,0
0,79,21,1,16,.670384,1.617616,0,1,0
1,66,13,0,51,1.487772,1.878228,0,0,1
1,69,15,0,30,.32544,3.06456,0,1,0
1,47,17,0,132,5.71428,2.86572,0,0,1
1,52,13,0,70,.8316,5.3284,0,1,0
0,58,16,0,89,.747689,2.011311,0,0,1
1,78,17,1,79,2.43162,3.57238,0,0,1
0,38,19,0,89,5.13352,13.20048,0,0,1
0,66,8,0,55,.8118,2.4882,0,1,1
1,51,16,0,38,.189924,1.748076,0,1,1
1,58,19,0,121,1.6698,12.8502,0,0,0
1,38,19,0,17,.009384,.092616,0,1,1
0,53,19,0,61,1.1712,3.7088,0,1,1
1,63,18,1,19,1.720602,4.948398,0,1,1
1,24,14,0,17,.3434,1.3566,0,1,1
1,65,18,1,9,.721791,.475209,0,1,0
1,45,15,0,190,12.45564,8.06436,0,1,1
0,61,13,0,105,2.7405,6.3945,0,1,1
0,48,15,0,81,1.135296,4.048704,0,0,1
1,57,12,0,117,6.011577,14.229423,0,0,1
1,47,18,0,61,2.588352,2.169648,0,0,1
1,48,14,0,124,4.8732,11.3708,0,0,1
0,46,15,0,48,1.153632,1.774368,0,1,1
0,75,12,1,16,.08544,.23456,0,0,0
0,45,12,0,26,.1768,.4732,0,1,1
1,45,10,0,107,4.656747,4.866253,0,1,1
1,56,16,0,37,4.29792,1.80708,0,0,0
0,60,10,0,91,1.4014,3.1486,0,1,1
1,55,13,0,44,1.685464,7.730536,0,1,0
1,58,16,0,30,1.09872,1.42128,0,0,1
0,24,13,0,17,1.564,1.156,0,0,1
0,74,17,1,231,1.308384,9.779616,0,1,1
1,19,14,0,21,.608685,.546315,0,0,0
1,27,18,0,30,.27405,.77595,0,1,1
0,37,12,0,40,.447,2.553,0,0,0
0,62,15,0,93,1.203048,6.608952,0,0,1
1,56,18,0,130,7.3723,6.4077,0,1,1
1,55,17,0,138,1.475496,12.186504,0,1,1
1,20,11,0,14,.417872,.856128,0,0,1
1,63,13,0,189,5.056128,28.207872,0,0,0
0,62,11,1,17,.011679,.039321,0,1,1
0,34,9,0,38,1.120734,2.185266,0,0,0
0,75,10,1,15,.33813,1.19187,0,0,0
1,63,12,0,52,2.3478,8.5722,0,1,1
0,40,20,0,30,.6534,.9966,0,0,1
0,55,11,0,82,1.040744,.517256,0,0,1
1,67,15,0,45,1.123605,2.791395,0,0,1
1,61,12,0,121,4.730858,8.942142,0,0,1
0,78,10,1,13,.478114,1.367886,0,1,1
0,49,11,0,76,7.116336,4.511664,0,0,0
1,29,15,0,17,.511275,.763725,0,0,1
1,29,16,0,60,.2208,.2592,0,1,1
0,33,17,0,52,1.11072,5.12928,0,0,1
1,53,18,0,77,.586124,2.801876,0,0,1
1,77,14,1,10,.12896,.49104,0,0,1
1,53,21,0,154,4.747512,8.188488,0,0,1
1,23,18,0,23,.86986,.53314,0,1,1
1,72,9,0,35,2.47163,2.21837,0,1,1
0,48,12,0,88,2.089472,7.766528,0,1,1
1,43,20,0,101,.302596,.404404,0,1,1
1,39,18,0,113,4.482936,1.958064,0,1,1
1,76,9,1,11,.371184,.156816,0,0,0
0,64,18,1,11,.23562,.88638,0,0,1
1,53,15,0,48,.413952,1.698048,0,0,1
0,59,12,0,169,1.53452,1.84548,0,1,1
1,65,8,1,10,.415,.585,0,0,0
0,75,19,1,11,.288684,.305316,0,1,0
0,27,16,0,44,.160952,2.435048,0,1,1
1,38,15,0,42,.819168,1.112832,0,0,1
1,72,9,1,9,.09072,.77328,0,1,1
0,35,14,0,34,.406334,.239666,0,0,0
1,52,15,0,76,5.41044,11.76556,0,1,1
1,22,14,0,33,.406296,1.375704,0,1,1
0,78,19,1,10,.15104,1.12896,0,0,0
1,77,17,1,35,2.191,4.809,0,1,1
1,79,10,1,9,.660744,.581256,0,1,1
0,38,14,0,59,3.853349,12.135651,0,1,1
0,34,19,0,41,.232224,3.703776,0,1,1
1,61,20,0,115,6.85078,5.33922,0,0,1
1,55,18,0,217,.849555,5.443445,0,1,1
1,38,9,0,32,.862752,.961248,0,1,1
0,79,9,1,13,.00494,.06006,0,1,0
0,50,15,0,72,.537768,6.446232,0,0,1
1,52,14,0,80,1.1264,7.6736,0,1,1
0,79,10,1,9,.472374,.994626,0,0,0
0,37,17,0,39,.242658,1.746342,0,0,1
1,72,14,1,40,.64704,1.27296,0,0,1
1,21,10,0,20,.0825,.4175,0,0,0
1,59,20,0,42,1.646232,1.797768,0,0,0
0,57,7,0,62,3.76929,2.74071,0,1,1
1,43,13,0,88,.402688,8.749312,0,0,1
0,54,12,0,135,1.52091,16.16409,0,0,0
0,36,10,0,47,.521136,1.734864,0,1,1
0,46,19,0,70,1.71584,2.76416,0,0,0
1,72,11,0,133,2.110311,3.342689,0,0,1
1,73,13,1,21,.05586,1.93914,0,0,0
0,62,13,0,83,3.160474,9.953526,0,0,1
0,74,16,0,106,5.035212,8.320788,0,0,1
1,59,15,1,17,.218484,.699516,0,1,1
0,24,14,0,27,.882414,1.223586,0,0,0
0,33,19,0,82,2.536916,2.547084,0,1,1
1,50,15,0,69,1.2144,4.8576,0,1,1
0,54,16,0,55,1.34354,2.06646,0,1,1
1,73,10,1,16,.712896,1.543104,0,1,0
1,45,18,0,105,3.36672,6.71328,0,0,1
1,74,10,0,27,.07857,.05643,0,0,0
0,56,11,0,56,.52192,1.71808,0,0,1
0,23,15,0,18,.1953,.7047,0,0,1
0,75,9,1,25,.423925,.351075,0,0,1
0,69,15,0,49,.973728,9.169272,0,0,0
1,56,17,0,203,2.72832,9.45168,0,0,1
0,57,11,0,41,.209223,.897777,0,0,1
1,58,12,0,90,.10755,.34245,0,1,1
1,60,17,0,69,5.20812,5.00388,0,0,1
1,33,12,0,34,1.745016,1.110984,0,1,1
1,49,13,0,53,2.722928,2.789072,0,1,1
1,21,16,0,21,.20349,1.93851,0,0,0
0,43,12,0,85,2.377875,3.997125,0,0,1
1,39,11,0,49,.965545,.749455,0,0,0
1,73,14,1,12,.264708,.419292,0,0,0
1,77,18,1,162,2.317896,2.218104,0,0,1
1,27,15,0,38,1.251264,1.940736,0,0,1
0,38,10,0,33,.808863,3.382137,0,0,1
0,57,20,0,66,.6732,.9108,0,0,1
0,37,9,0,17,.147696,.668304,0,0,0
0,18,13,0,13,.63128,.40872,0,0,1
0,44,20,0,112,.61488,2.74512,0,0,1
1,19,13,0,17,.170085,.220915,0,1,1
0,22,17,0,23,.194764,1.139236,0,0,1
1,59,13,0,33,2.054679,1.674321,0,1,1
0,54,14,0,78,.052884,.181116,0,0,0
0,46,21,0,32,.180224,1.227776,0,0,1
0,47,9,0,33,1.524798,3.458202,0,1,1
0,31,16,0,60,.61728,.34272,0,1,1
0,31,14,0,68,.568752,.587248,0,0,0
1,67,16,1,20,.31416,.52584,0,0,0
1,25,20,0,39,1.562964,5.145036,0,0,0
1,65,12,1,11,.04312,.49588,0,0,0
1,45,13,0,70,.9632,5.0568,0,0,0
1,61,22,0,58,5.831784,2.694216,0,0,1
0,38,15,0,21,.462378,1.658622,0,0,0
0,48,17,0,81,1.428111,.758889,0,1,1
0,33,15,0,32,.495456,.752544,0,0,1
1,53,12,0,70,1.3797,.5103,0,0,1
0,37,15,0,78,3.441204,9.896796,0,1,0
0,43,9,0,59,3.412442,3.726558,0,1,0
0,68,13,1,32,.351072,6.272928,0,1,1
0,37,12,0,37,1.27872,4.64128,0,0,1
0,45,10,0,27,.272646,3.858354,0,0,1
0,76,8,1,9,.178101,.514899,0,1,1
0,49,14,0,85,.3213,.1887,0,1,1
1,35,16,0,41,1.137996,3.290004,0,1,1
0,47,14,0,53,3.295434,3.541566,0,0,1
0,32,18,0,35,.55447,5.67553,0,0,1
1,42,13,0,76,4.167384,4.496616,0,1,1
0,32,15,0,32,.856992,2.759008,0,1,1
1,53,21,0,61,2.108953,2.588047,0,0,0
1,75,19,1,50,2.31525,5.03475,0,1,1
1,32,20,0,81,.971433,4.455567,0,1,1
1,29,20,0,35,.315945,1.749055,0,0,0
1,61,19,0,42,.570276,2.495724,0,0,0
0,22,17,0,23,.772616,.423384,0,0,0
1,64,15,0,64,2.1888,2.6112,0,0,0
1,55,21,0,68,2.889048,2.074952,0,1,0
0,34,8,0,28,.36344,.86856,0,1,1
0,69,15,1,15,.834,.366,0,1,0
0,55,9,0,39,.29913,2.23587,0,0,1
1,62,19,0,76,5.764752,7.307248,0,1,1
1,64,12,1,17,.743886,1.687114,0,0,0
0,62,18,0,65,2.67241,5.25759,0,0,1
0,43,17,0,47,.238196,1.077804,0,0,1
1,52,14,0,43,1.384815,3.474185,0,1,1
0,77,12,1,11,.0693,.7007,0,1,0
0,47,16,0,45,.24354,1.60146,0,1,1
1,41,11,0,31,.302498,.968502,0,0,1
1,73,7,1,26,.372008,1.525992,0,0,1
1,27,10,0,20,.646,1.354,0,0,0
0,31,14,0,17,.629918,1.019082,0,0,1
1,48,11,0,44,.725208,1.078792,0,0,0
1,43,19,0,46,.908868,3.185132,0,1,0
0,56,14,0,50,.852,1.148,0,0,0
0,36,13,0,47,.37835,1.26665,0,0,0
0,69,15,0,71,2.01285,3.31215,0,1,0
1,50,14,0,113,.41584,25.57416,0,1,0
0,32,13,0,24,.93024,3.96576,0,1,1
1,35,11,0,65,4.56144,6.61856,0,0,1
0,40,12,0,31,.402597,3.224403,0,0,0
0,55,16,0,108,2.1978,5.7942,0,0,1
0,27,14,0,28,.177184,.214816,0,1,1
1,25,16,0,16,.140384,.515616,0,1,1
0,47,17,0,96,4.913376,7.278624,0,1,0
1,77,10,0,21,1.328124,2.745876,0,0,1
0,23,10,0,29,.455184,.588816,0,1,1
1,19,14,0,33,.340659,.880341,0,1,1
1,67,9,0,61,.119682,.978318,0,0,1
1,49,18,0,143,2.116543,3.746457,0,0,1
1,70,11,1,20,.79508,1.98492,0,1,1
1,28,12,0,24,.288,1.152,0,1,1
1,21,13,0,17,.282693,.890307,0,0,0
0,57,21,0,140,3.23988,2.08012,0,0,0
0,54,12,0,80,.9288,3.3912,0,1,1
1,33,14,0,23,.311489,.355511,0,1,0
0,67,12,0,38,.942628,2.059372,0,0,0
0,78,16,1,20,.18012,.95988,0,0,0
1,20,15,0,18,.711288,.890712,0,1,1
0,40,18,0,96,3.59856,10.51344,0,0,1
1,48,16,0,95,2.14149,7.54851,0,0,0
0,51,11,0,40,2.7972,2.6028,0,0,1
0,53,17,0,44,1.629144,2.726856,0,0,0
1,67,10,0,22,1.00551,2.62449,0,1,1
1,61,12,0,246,2.72322,17.44878,0,1,1
0,56,16,0,66,.801504,.782496,0,1,0
1,72,17,0,41,.851488,2.756512,0,0,1
1,44,10,0,80,1.30832,.77168,0,1,1
0,64,11,0,58,1.423552,1.998448,0,1,1
0,43,19,0,52,1.0868,1.7732,0,1,1
0,44,16,0,54,2.704482,5.773518,0,0,1
1,21,16,0,20,.74016,.69984,0,1,1
1,55,13,0,114,2.267004,11.640996,0,1,1
0,20,12,0,15,.069795,.425205,0,1,0
0,41,13,0,38,.318592,4.659408,0,1,1
0,60,14,1,23,.761484,1.285516,0,1,1
1,71,18,0,45,1.37061,5.69439,0,1,0
0,44,19,0,120,1.12896,5.59104,0,1,1
1,67,14,0,28,.42042,1.11958,0,1,0
1,75,19,0,94,8.16907,9.78493,0,0,1
1,58,14,0,62,.122016,.249984,0,1,1
0,32,10,0,27,.250344,1.396656,0,0,0
1,63,18,1,36,2.896344,.919656,0,0,0
0,35,17,0,53,1.663776,3.424224,0,0,0
1,59,15,0,160,1.4288,1.6112,0,0,0
0,77,10,1,23,.830484,4.597516,0,1,1
1,79,15,1,9,.1665,.7335,0,1,1
0,76,14,1,13,.3692,1.4768,0,1,0
1,65,18,1,11,.04345,.23155,0,0,0
1,33,10,0,25,.275625,.849375,0,1,1
1,50,17,0,45,.09711,1.07289,0,1,0
0,64,19,0,66,1.129524,4.546476,0,1,1
1,53,18,0,84,7.645176,5.290824,0,1,1
1,44,18,0,34,2.514606,.511394,0,1,1
1,20,15,0,18,.062496,.081504,0,0,1
0,50,15,0,172,1.56176,5.31824,0,0,1
1,72,15,0,52,.803712,1.692288,0,1,0
0,37,16,0,34,1.415828,1.780172,0,0,0
1,73,18,1,14,1.28674,.12726,0,1,1
0,69,10,1,12,.8136,.9864,0,0,1
1,29,15,0,26,.546312,2.105688,0,1,1
0,54,8,0,58,.789496,3.966504,0,1,0
0,62,10,0,42,.809172,1.584828,0,1,1
1,28,15,0,28,1.312416,4.735584,0,0,0
0,73,16,0,93,2.264178,4.617822,0,1,1
0,47,18,0,64,.751168,5.456832,0,1,0
1,72,12,1,9,.105228,.227772,0,1,0
1,56,13,0,67,.72896,1.95104,0,0,1
0,54,14,0,51,1.451511,1.251489,0,0,0
0,45,7,0,33,.682407,1.330593,0,0,0
0,49,22,0,314,3.183332,39.834668,0,1,0
1,66,15,1,50,2.2624,2.7876,0,1,1
1,58,17,0,50,2.5986,8.0514,0,1,0
1,59,15,0,32,2.17872,5.98128,0,0,1
1,24,17,0,28,.994336,1.581664,0,1,1
0,42,14,0,50,.7409,2.3591,0,0,0
0,79,12,1,22,1.534896,1.831104,0,0,1
1,48,14,0,41,1.049928,2.927072,0,0,1
1,74,11,1,14,.51072,.38528,0,0,1
0,53,16,0,73,1.993849,8.445151,0,0,0
1,72,19,1,9,.322218,.595782,0,0,1
1,55,16,0,380,1.05336,14.90664,0,1,1
0,46,8,0,37,1.42524,1.23876,0,0,1
0,53,19,0,41,1.291992,2.849008,0,1,0
1,31,18,0,31,.53568,1.32432,0,0,1
1,19,14,0,16,1.086512,.657488,0,1,1
0,56,12,0,78,.28314,4.00686,0,0,0
1,67,8,0,92,1.795472,4.460528,0,0,0
0,45,20,0,85,4.989925,11.925075,0,0,1
0,18,9,0,18,.16461,.89739,0,0,0
1,38,10,0,25,.5375,.7125,0,0,0
1,32,14,0,33,.176088,2.859912,0,0,1
1,77,14,1,33,.701778,1.344222,0,1,0
1,34,16,0,28,.22344,.75656,0,1,1
1,55,14,0,261,4.537485,11.383515,0,1,1
1,56,18,0,60,.2457,6.7743,0,1,1
1,78,14,1,68,1.034892,2.841108,0,1,0
0,73,13,1,10,1.18104,1.47896,0,0,0
0,44,15,0,29,.509936,1.114064,0,0,0
1,73,12,0,21,1.214514,2.187486,0,1,1
1,18,10,0,15,.11868,.52632,0,1,1
0,39,14,0,45,.79866,1.81134,0,1,0
0,48,19,0,96,.76752,5.47248,0,1,1
1,48,17,0,87,2.700915,.344085,0,1,0
1,18,13,0,14,.147798,.090202,0,1,1
1,73,20,0,77,3.808189,6.740811,0,0,1
1,76,11,1,16,.24472,1.27528,0,1,1
1,72,13,1,14,1.4364,1.3636,0,0,1
0,41,18,0,35,.312375,2.662625,0,1,1
0,50,15,0,80,1.05096,1.26904,0,1,1
1,79,13,1,9,.469395,.385605,0,1,0
1,52,10,0,65,5.1129,2.2971,0,1,1
1,62,7,0,32,.476576,1.219424,0,1,1
0,25,15,0,19,.073606,.420394,0,1,1
0,29,11,0,39,.227643,.279357,0,0,0
0,18,13,0,19,.46284,.67716,0,0,0
1,70,18,0,123,.613524,2.953476,0,0,1
0,18,13,0,24,.235872,.772128,0,0,0
1,37,13,0,33,.24255,2.06745,0,0,0
1,54,12,0,43,.511485,1.165515,0,1,0
1,28,15,0,22,.73788,.97812,0,1,0
1,74,17,0,142,.259008,.876992,0,0,1
0,54,17,0,77,1.05105,2.79895,0,0,1
0,21,13,0,22,2.504568,4.491432,0,0,1
1,48,13,0,56,.11088,3.58512,0,0,1
1,43,12,0,37,.263958,4.287042,0,1,0
1,47,18,0,144,1.689408,2.342592,0,0,1
1,32,15,0,39,2.932722,3.541278,0,1,1
0,27,15,0,16,.256096,1.439904,0,1,1
0,27,11,0,23,.133952,5.018048,0,1,0
0,67,20,0,130,2.691,12.259,0,0,1
1,67,16,0,28,.174636,1.589364,0,1,1
1,52,13,0,248,5.275208,16.796792,0,1,1
0,73,15,0,33,.390786,1.655214,0,1,1
0,76,13,1,23,1.10055,2.34945,0,0,1
0,62,16,1,16,.191296,1.760704,0,1,1
1,55,14,0,130,.62244,4.05756,0,1,1
0,24,15,0,18,.33138,.92862,0,0,1
1,39,15,0,35,.80976,.87024,0,1,1
1,77,14,0,41,.06519,1.16481,0,0,0
0,20,9,0,15,.27621,.71379,0,0,0
1,62,14,0,45,1.194165,4.160835,0,1,0
1,62,19,0,112,.532224,1.259776,0,1,1
1,30,8,0,28,.341544,.190456,0,0,0
1,35,18,0,36,.332856,.495144,0,1,1
0,35,15,0,51,1.685448,1.068552,0,1,0
0,57,17,1,13,.149916,.253084,0,0,1
0,71,16,1,11,.176726,.142274,0,0,1
1,77,15,1,10,.15904,1.26096,0,1,1
0,23,15,0,19,1.062651,2.376349,0,0,0
0,46,12,0,37,.209975,.715025,0,1,0
1,32,10,0,28,1.41568,2.16832,0,1,1
0,64,12,0,129,5.378913,10.488087,0,1,1
0,52,10,0,32,1.875456,1.292544,0,0,1
1,25,14,0,29,1.118733,1.114267,0,1,1
1,78,18,1,9,.294588,.587412,0,1,1
0,58,15,0,149,11.50578,8.16222,0,0,0
1,78,12,1,12,.166788,1.309212,0,0,0
0,79,13,1,15,.59496,.41004,0,1,1
0,58,22,0,35,1.01024,.52976,0,1,0
0,48,14,0,88,2.394392,11.773608,0,0,1
0,30,14,0,65,.85345,3.37155,0,0,0
0,69,12,1,87,7.40718,6.94782,0,1,0
1,52,20,0,137,1.083944,10.698056,0,0,1
1,27,17,0,22,.159192,.632808,0,1,0
1,45,14,0,161,2.77242,6.88758,0,1,1
0,77,17,1,14,.155736,1.286264,0,0,1
0,69,12,1,12,.103488,1.072512,0,1,1
1,79,16,1,10,.30135,1.74865,0,0,0
0,50,20,0,166,2.33728,8.28672,0,1,1
0,37,14,0,34,.00952,.26248,0,1,0
1,19,14,0,32,.150176,.457824,0,1,1
0,56,17,0,219,5.2122,10.1178,0,0,0
0,38,16,0,44,1.26984,1.37016,0,0,1
0,64,19,0,42,4.452084,5.375916,0,0,0
1,77,21,1,13,.243243,.757757,0,0,1
1,74,13,1,23,.407146,2.030854,0,1,1
1,39,20,0,49,2.820734,2.422266,0,0,0
1,40,19,0,83,3.489486,1.988514,0,0,1
0,41,14,0,59,.047436,.306564,0,0,1
1,25,15,0,16,.198144,.377856,0,1,0
1,42,17,0,31,.87978,1.16622,0,1,1
0,44,9,0,30,.5805,.9195,0,0,1
1,32,13,0,28,.416416,2.495584,0,1,1
1,34,12,0,43,4.803874,2.334126,0,0,0
0,31,13,0,37,.074592,.369408,0,0,1
1,55,16,0,49,.94423,3.07377,0,0,1
1,47,11,0,31,1.47312,3.48688,0,1,1
0,63,11,0,88,.44968,2.63032,0,0,1
0,76,15,1,44,.280324,11.907676,0,0,1
1,68,7,0,31,.220689,.430311,0,0,1
0,73,11,1,17,.48841,3.26859,0,0,0
1,55,11,1,11,.241164,.352836,0,0,0
1,28,16,0,26,.233454,.832546,0,0,0
1,57,16,0,272,2.928624,23.455376,0,1,1
1,76,9,1,13,.1066,.4134,0,1,1
1,54,14,0,108,2.21832,6.31368,0,1,1
0,51,14,0,73,1.014992,4.752008,0,0,1
1,27,12,0,39,3.3345,1.1115,0,0,0
1,64,9,0,52,2.266368,1.061632,0,0,0
1,75,9,0,106,1.42146,3.34854,0,1,1
0,21,16,0,18,.033408,.488592,0,0,0
1,44,21,0,106,2.45973,1.67427,0,1,1
0,51,13,0,22,.12771,.81829,0,1,1
1,36,19,0,35,.6048,3.8752,0,1,1
0,39,15,0,76,.090288,2.645712,0,0,1
1,35,14,0,34,.468384,1.435616,0,1,1
1,55,13,0,50,.9072,4.4928,0,0,1
0,51,19,0,66,.48906,2.01894,0,1,1
0,20,15,0,31,1.474174,2.183826,0,0,1
0,39,20,0,70,.98175,10.56825,0,0,1
0,74,8,1,121,1.81863,3.62637,0,0,1
1,57,10,0,62,1.1036,5.0964,0,0,0
1,56,11,0,72,.40176,2.83824,0,0,1
0,61,9,1,11,.607332,.811668,0,0,1
1,44,16,0,42,2.543856,3.084144,0,0,1
1,48,17,0,46,2.564224,3.599776,0,1,1
0,77,12,1,23,.19136,1.28064,0,0,0
0,51,16,0,90,4.06404,5.47596,0,1,1
0,54,17,0,36,.10098,.43902,0,1,1
1,54,16,0,40,.38844,2.93156,0,0,0
1,79,11,1,27,.108891,2.834109,0,1,1
1,43,16,0,102,1.144236,6.097764,0,1,1
1,75,16,0,32,.2352,.8848,0,0,1
0,70,20,1,12,.235008,.916992,0,1,1
0,18,13,0,17,.169592,.561408,0,1,1
0,46,11,0,31,.32984,1.40616,0,0,1
0,29,11,0,30,1.79916,1.02084,0,0,1
1,32,12,0,35,.22204,3.41796,0,1,0
0,63,11,0,70,1.86396,4.01604,0,0,1
1,20,12,0,22,1.064316,.387684,0,0,1
1,36,15,0,29,.451008,1.114992,0,0,0
0,37,12,0,36,.0558,1.7442,0,1,1
1,59,10,0,135,3.41712,4.14288,0,0,0
1,64,19,1,9,.218124,1.095876,0,0,1
1,68,19,0,24,.59436,2.45364,0,1,0
1,77,10,0,131,3.376656,6.055344,0,0,1
1,56,20,0,296,7.655744,28.456256,0,0,1
0,61,14,1,9,.07263,.19737,0,1,0
1,30,16,0,63,1.476216,2.177784,0,0,1
1,35,12,0,21,1.893192,3.062808,0,1,0
1,60,15,1,38,.274968,1.093032,0,1,1
1,26,14,0,21,.914382,1.563618,0,0,1
0,36,15,0,55,1.48665,1.42835,0,1,1
1,75,19,1,11,.391776,1.357224,0,0,1
1,59,19,0,44,3.42606,4.44994,0,0,0
1,34,16,0,53,4.572787,8.094213,0,1,1
1,73,10,1,14,.224644,.769356,0,1,1
0,67,10,1,23,.112125,.462875,0,1,1
1,63,21,0,254,3.637026,7.284974,0,1,1
0,20,12,0,15,.154875,.730125,0,1,1
1,51,15,0,28,.370048,1.197952,0,0,0
0,68,15,1,58,.613872,1.010128,0,0,1
0,53,11,0,52,1.667016,5.456984,0,1,1
1,26,18,0,23,.84525,2.60475,0,1,1
1,19,14,0,20,1.07696,1.04304,0,0,1
0,49,12,0,59,.309986,4.056014,0,1,1
0,37,19,0,52,2.73728,1.42272,0,0,1
1,44,17,0,88,.524832,1.323168,0,1,1
0,41,11,0,52,3.833024,3.238976,0,1,0
1,49,19,0,104,5.6056,4.5864,0,0,1
1,69,10,0,26,1.773486,1.944514,0,0,0
0,43,19,0,77,.47817,6.45183,0,0,1
0,51,8,0,100,4.968,16.632,0,1,1
1,27,17,0,21,.16107,.38493,0,0,0
0,64,15,0,47,.11233,.12267,0,0,1
1,58,14,1,9,1.246014,.706986,0,0,0
1,60,17,0,26,.367952,1.218048,0,0,1
0,63,18,0,66,1.028412,2.469588,0,1,1
1,33,16,0,26,.27144,1.99056,0,1,1
1,63,13,0,23,.345092,2.437908,0,0,1
1,74,11,1,27,.603801,2.285199,0,0,1
0,61,13,0,38,.399456,5.148544,0,0,1
0,45,11,0,40,.8466,1.1934,0,0,1
1,35,18,0,160,1.89552,3.38448,0,0,1
1,75,9,1,10,.472,.328,0,1,0
0,48,11,0,41,.308853,3.012147,0,0,0
0,47,12,0,92,4.174224,16.801776,0,1,1
0,49,16,0,86,6.263896,5.690104,0,1,0
1,51,18,0,27,.533466,1.464534,0,1,1
0,26,12,0,17,.217872,1.006128,0,1,0
0,49,19,0,116,2.721128,5.862872,0,1,1
1,63,8,0,66,.809028,.972972,0,0,1
1,27,15,0,24,.396288,1.139712,0,0,1
1,79,19,1,10,.23579,.49421,0,0,0
1,49,11,0,70,6.76704,3.87296,0,1,1
1,59,16,0,257,6.866526,8.810474,0,0,0
0,23,12,0,24,.75096,.92904,0,0,0
1,69,16,1,16,.02224,.05776,0,0,1
0,20,14,0,25,.2232,.1768,0,0,0
1,61,20,0,49,2.588376,4.369624,0,1,0
0,70,7,1,12,.090984,.113016,0,1,0
1,52,12,0,98,2.900408,6.703592,0,0,1
1,35,19,0,37,1.02564,4.15436,0,1,1
0,78,11,1,107,4.510906,6.938094,0,1,1
1,31,17,0,46,1.062048,3.721952,0,1,1
0,39,14,0,49,1.684032,3.019968,0,1,0
0,45,13,0,54,.381348,.806652,0,0,1
0,40,20,0,65,.37323,.79677,0,1,1
0,34,21,0,24,.873504,1.718496,0,0,1
1,62,16,1,28,.68068,4.55532,0,1,0
1,47,12,0,76,2.434432,6.077568,0,0,0
0,30,18,0,22,.47795,1.26005,0,0,1
1,47,17,0,44,.926156,.437844,0,1,1
0,52,19,0,64,2.749952,7.746048,0,1,0
0,67,16,0,51,.279072,.944928,0,1,1
1,70,11,0,107,4.364316,9.759684,0,1,1
1,32,9,0,25,.61155,.73845,0,1,0
1,79,13,1,24,.376872,.607128,0,0,0
0,55,17,0,69,1.451277,2.481723,0,1,1
0,53,20,0,42,.26208,3.76992,0,1,1
1,59,21,0,53,.922412,3.105588,0,1,0
1,57,18,1,35,.461125,2.513875,0,1,0
1,77,15,0,108,4.835376,4.992624,0,1,1
0,49,12,0,50,4.27035,12.87965,0,0,0
1,79,12,1,9,.916992,.874008,0,0,0
0,29,18,0,59,.783756,2.402244,0,1,1
1,44,14,0,74,1.854144,5.249856,0,0,1
1,73,13,0,46,5.564068,3.497932,0,1,0
1,43,8,0,29,1.846024,2.387976,0,1,0
1,65,11,1,11,.420926,.162074,0,1,1
1,22,17,0,23,1.954448,3.243552,0,1,1
1,60,8,0,80,4.42152,1.09848,0,1,1
1,66,9,1,10,.19019,.57981,0,0,1
1,63,20,0,108,.458136,4.077864,0,0,1
1,29,17,0,25,1.58625,1.93875,0,0,0
1,79,12,1,22,.19602,1.58598,0,1,0
0,39,14,0,66,1.221264,15.740736,0,0,1
1,48,13,0,67,.222574,.514426,0,1,1
1,63,11,1,10,.11187,1.01813,0,0,0
1,20,10,0,24,.336384,.239616,0,1,1
1,60,13,0,31,1.3175,.7905,0,1,1
0,46,13,0,30,1.443,1.557,0,1,0
0,50,8,0,98,.484218,7.453782,0,1,0
1,41,14,0,44,.473616,1.550384,0,1,1
0,53,14,0,34,2.361606,2.296394,0,1,1
1,25,19,0,23,.039928,.121072,0,1,1
1,56,17,0,93,.722238,1.323762,0,1,1
0,74,10,0,151,4.832,7.248,0,1,1
0,71,12,0,124,4.197648,7.334352,0,1,1
1,68,16,0,121,1.288408,9.359592,0,0,1
1,30,16,0,25,.756,1.869,0,0,0
1,32,14,0,30,.74415,.48585,0,0,1
0,39,14,0,33,1.440153,2.420847,0,0,0
0,71,15,0,33,1.058442,1.548558,0,1,1
0,40,10,0,59,.770599,1.412401,0,0,0
1,77,10,1,9,.392472,.318528,0,1,0
1,66,14,1,34,.99892,2.84308,0,1,0
1,47,20,0,38,.362824,.701176,0,0,0
0,79,19,1,15,.48411,1.00089,0,1,1
0,78,16,0,16,.271744,.432256,0,1,0
1,74,13,0,34,3.96916,4.87084,0,1,1
0,53,16,0,57,.220932,.748068,0,1,0
1,61,17,0,93,5.434176,10.933824,0,0,0
0,61,16,0,81,.732645,1.454355,0,1,1
1,57,12,0,35,.53704,.44296,0,0,0
0,56,14,0,28,.26824,.29176,0,0,0
0,70,18,0,25,.44485,.33015,0,0,1
1,77,17,0,40,.64736,4.11264,0,0,0
0,50,12,0,39,.999999,3.329001,0,0,0
0,31,10,0,45,1.059345,6.905655,0,0,0
1,44,19,0,50,.368,4.232,0,0,1
0,73,17,0,152,4.100656,8.363344,0,0,1
1,58,13,0,37,1.14478,2.22222,0,0,0
0,26,21,0,55,1.776885,4.878115,0,0,0
0,77,9,1,23,.474628,3.067372,0,0,1
1,31,16,0,24,.04608,1.48992,0,0,1
0,77,17,1,97,.882894,6.295106,0,1,1
0,47,20,0,94,6.463534,6.038466,0,0,0
1,47,16,0,32,1.657536,4.038464,0,0,1
1,36,12,0,31,.124868,1.053132,0,1,1
0,67,18,0,196,1.432368,15.619632,0,0,1
1,59,13,0,79,3.247216,5.600784,0,0,0
0,36,17,0,41,.830496,1.137504,0,1,1
0,32,13,0,34,.1802,.4998,0,0,0
0,46,17,0,97,1.69653,3.44447,0,0,1
0,36,15,0,28,.540764,1.951236,0,0,0
0,46,17,0,65,1.936935,3.068065,0,0,1
1,25,13,0,21,.456876,.131124,0,0,1
1,59,14,0,54,1.38672,5.09328,0,1,1
0,63,15,0,22,.094248,1.291752,0,1,1
0,78,7,1,10,.254,.746,0,1,0
1,57,11,0,44,.9174,1.2826,0,1,1
0,72,14,1,38,1.494844,1.887156,0,1,1
1,24,18,0,15,.94581,.44919,0,0,0
1,78,10,0,81,1.374165,3.890835,0,0,1
1,54,13,0,136,.228616,5.347384,0,0,1
1,68,12,1,9,.253575,.187425,0,1,1
1,33,17,0,55,5.37251,3.92249,0,0,1
0,43,20,0,54,1.177686,9.244314,0,0,0
0,31,18,0,22,.87912,1.76088,0,0,1
0,59,13,0,39,1.158144,1.337856,0,1,1
1,35,18,0,41,.675352,5.146648,0,0,1
1,50,10,0,31,1.337402,1.948598,0,1,1
0,75,13,1,9,.35397,1.50903,0,0,0
1,34,13,0,45,1.89405,6.34095,0,1,1
0,57,17,1,67,1.245195,2.975805,0,1,1
1,66,8,1,24,.464256,.111744,0,0,1
1,71,15,0,49,1.338876,2.042124,0,0,1
0,47,12,0,24,.843648,1.652352,0,0,1
1,69,14,1,83,5.833323,8.359677,0,0,1
1,47,20,0,48,1.08504,5.49096,0,0,0
0,33,19,0,102,.4743,1.0557,0,1,1
0,77,9,1,19,.36708,1.91292,0,1,1
0,65,10,1,31,1.481025,.843975,0,1,0
1,19,14,0,24,.3744,1.0656,0,0,0
1,54,19,0,59,.45135,3.97365,0,1,1
1,55,11,0,133,7.00112,14.27888,0,1,1
1,60,17,0,85,1.646875,11.528125,0,0,1
1,64,9,0,184,.924048,10.483952,0,0,1
0,47,16,0,185,2.716725,13.748275,0,1,1
0,22,11,0,14,.122766,.395234,0,0,1
0,56,15,0,51,.591192,4.100808,0,0,1
0,63,19,0,45,1.25424,4.77576,0,1,0
1,79,11,1,46,.733194,2.808806,0,0,0
1,29,12,0,21,.15876,.47124,0,0,1
0,59,10,0,90,6.79356,3.37644,0,0,0
0,63,14,0,153,3.82806,9.94194,0,1,1
0,45,19,0,31,1.221462,1.847538,0,0,1
0,53,16,0,35,1.016925,4.198075,0,0,1
1,78,19,1,23,.79373,1.16127,0,0,0
0,36,19,0,46,1.90371,2.37429,0,0,1
1,64,14,0,68,1.740732,9.071268,0,0,1
0,65,11,0,102,4.436388,2.295612,0,1,0
1,24,15,0,26,.323232,.404768,0,1,1
1,58,11,0,41,.19803,2.63097,0,0,1
1,69,13,0,100,2.4603,11.4397,0,1,1
1,75,13,0,29,2.033016,1.968984,0,0,0
1,58,13,0,113,1.345604,24.531396,0,1,1
1,51,22,0,78,1.315392,1.180608,0,0,1
1,74,18,0,79,.919481,8.007519,0,1,0
1,33,15,0,22,.729234,1.184766,0,0,1
1,47,16,0,31,.37975,1.17025,0,0,0
0,51,17,0,138,1.430784,7.401216,0,1,1
1,52,18,0,104,1.176136,3.295864,0,1,1
1,38,13,0,41,.451,3.649,0,1,0
0,42,14,0,39,.092547,.726453,0,0,1
1,34,19,0,40,.39296,.88704,0,0,1
0,35,21,0,30,1.46955,1.56045,0,0,0
0,46,12,0,42,1.843632,2.062368,0,0,0
0,34,16,0,23,1.064693,1.672307,0,0,0
1,55,10,0,41,.39975,2.26525,0,1,1
0,33,19,0,48,1.35936,1.47264,0,0,1
0,41,17,0,49,.557375,5.567625,0,1,1
1,68,14,1,20,.2368,.5632,0,0,1
1,63,10,1,19,1.399255,1.317745,0,1,0
0,57,11,0,236,10.738,5.782,0,1,1
1,31,14,0,25,.594125,1.830875,0,0,1
1,63,10,1,14,.251328,1.176672,0,0,1
1,47,8,0,51,1.837224,2.191776,0,1,1
0,63,12,0,47,.382157,1.826843,0,1,1
0,60,18,1,26,1.894984,1.563016,0,0,1
1,42,16,0,20,.51612,1.52388,0,0,1
1,43,15,0,60,.32292,3.81708,0,1,1
0,67,6,1,12,.375552,.392448,0,1,1
1,51,18,0,39,3.35205,4.09695,0,1,1
0,67,9,0,40,.14632,2.21368,0,0,1
1,75,8,1,52,1.541176,1.474824,0,0,0
1,69,11,0,67,3.316768,11.490232,0,0,0
0,63,12,0,87,1.124475,3.660525,0,0,0
0,74,10,1,9,.379674,1.753326,0,0,0
0,68,12,0,86,2.304456,10.939544,0,0,0
0,56,10,0,141,2.272356,4.918644,0,1,0
0,52,15,0,121,4.13336,2.64264,0,1,0
0,28,19,0,86,1.22679,2.64321,0,0,1
0,46,13,0,68,3.59856,4.56144,0,0,0
0,30,17,0,25,.11055,1.56445,0,0,0
0,74,12,1,11,.23716,.73084,0,1,1
0,79,16,1,32,2.87712,3.04288,0,1,1
1,51,17,0,315,9.43299,5.05701,0,1,1
1,38,8,0,31,.631904,.980096,0,1,1
0,59,13,0,31,.34038,2.44962,0,1,1
0,74,12,0,50,.468,1.782,0,1,1
1,75,17,1,30,.53424,1.98576,0,0,1
0,75,15,0,106,11.011916,15.912084,0,1,1
0,47,17,0,81,.6561,.9639,0,0,1
1,41,15,0,83,2.830632,11.611368,0,1,1
1,51,13,0,84,2.623824,8.884176,0,1,1
0,50,13,0,119,1.268302,7.418698,0,1,0
1,37,14,0,29,.347072,2.204928,0,0,0
0,68,15,0,59,6.134348,4.898652,0,1,1
0,67,11,0,52,2.2568,12.3032,0,0,0
0,28,10,0,34,2.257056,2.638944,0,1,0
1,58,11,0,59,3.093842,6.759158,0,1,1
1,54,13,0,145,2.28549,13.80951,0,0,1
1,28,11,0,19,.349752,1.626248,0,1,0
1,21,16,0,50,1.23015,5.71985,0,1,1
0,48,16,0,23,1.185558,3.713442,0,1,1
1,79,10,1,22,.5313,.5687,0,1,1
1,22,15,0,45,.251505,2.853495,0,0,0
1,78,11,1,23,.304704,1.351296,0,0,0
1,40,16,0,37,.602952,2.505048,0,1,1
0,35,13,0,28,1.097376,.834624,0,1,0
0,77,19,1,79,1.044696,1.246304,0,1,1
1,33,10,0,23,1.226935,4.178065,0,0,1
1,49,16,0,60,.8631,1.2369,0,1,1
0,32,14,0,52,.70434,1.11566,0,1,1
1,71,18,1,12,1.40832,1.47168,0,0,1
1,55,14,0,162,8.43696,11.65104,0,1,1
1,57,14,0,53,.97149,1.51951,0,1,0
0,51,17,0,49,1.354164,8.249836,0,1,1
0,27,17,0,22,.262856,2.289144,0,0,0
1,52,12,0,212,7.24404,14.37996,0,1,1
0,64,10,1,23,.664332,3.337668,0,1,0
1,43,13,0,33,.239085,.519915,0,0,1
0,64,13,0,113,8.04108,5.51892,0,0,1
0,32,13,0,26,.096096,.449904,0,0,1
1,47,11,0,22,1.2144,1.3156,0,0,1
1,41,15,0,25,.57,1.93,0,0,0
1,29,15,0,21,.838635,2.584365,0,1,1
1,39,15,0,64,1.394624,3.533376,0,1,1
1,73,13,0,113,16.159339,8.361661,0,0,1
1,37,14,0,29,1.131435,2.783565,0,1,1
1,44,15,0,79,.577174,.449826,0,0,1
1,22,12,0,21,.187551,.085449,0,1,1
1,79,11,1,21,2.046093,2.510907,0,0,1
1,55,15,0,38,1.504458,4.537542,0,1,0
0,57,12,0,20,.7722,1.5678,0,0,1
0,53,17,0,80,.776,.824,0,0,1
1,73,14,1,26,.35685,1.22915,0,0,0
0,47,21,0,122,2.806976,1.097024,0,1,1
1,38,14,0,93,4.903704,10.813296,0,0,1
0,55,16,0,56,1.748208,3.067792,0,0,1
0,73,19,0,18,.44982,.46818,0,1,1
0,18,11,0,15,.090945,.554055,0,0,1
1,27,16,0,25,.021875,.603125,0,1,1
1,73,15,1,52,.391248,2.572752,0,0,1
0,22,17,0,36,.433188,1.834812,0,1,1
1,63,11,0,44,.77616,1.37984,0,1,1
0,54,14,0,63,1.172115,2.670885,0,1,1
0,29,20,0,30,.28665,.76335,0,0,1
0,30,11,0,30,.42918,.95082,0,0,0
0,46,20,0,95,3.17376,5.94624,0,0,1
1,33,20,0,154,2.17525,17.07475,0,0,1
1,66,18,0,63,1.079568,6.858432,0,1,1
0,45,20,0,46,.193154,.680846,0,0,1
1,78,11,1,9,.370548,.286452,0,1,1
0,51,15,0,72,3.7044,1.6956,0,1,0
1,21,16,0,33,.79398,1.18602,0,0,0
0,68,13,0,88,1.593152,4.830848,0,0,0
1,65,12,0,93,.68913,2.10087,0,1,1
1,73,14,1,28,1.06568,3.77832,0,0,1
1,60,12,0,36,.192024,.311976,0,1,1
0,50,21,0,89,.684855,1.718145,0,0,1
0,58,10,0,71,.720792,3.113208,0,1,1
1,56,12,0,79,2.23412,3.29588,0,0,0
1,71,19,1,21,.23184,.73416,0,0,1
0,45,17,0,58,1.85571,.75429,0,0,1
1,41,14,0,104,.006344,.097656,0,0,1
1,42,16,0,100,.8601,3.8399,0,0,1
1,79,17,1,9,.38475,1.15425,0,0,1
1,32,14,0,30,.10074,.58926,0,0,0
1,41,17,0,37,.239686,2.683314,0,0,0
0,73,15,0,34,3.39405,2.21595,0,1,1
0,70,9,1,57,3.72666,4.25334,0,0,1
0,63,14,0,130,2.04867,11.34133,0,0,1
1,58,15,0,80,4.4772,2.8028,0,1,1
1,63,13,0,33,.53196,1.18404,0,0,1
1,44,17,0,62,3.051578,2.094422,0,1,1
0,59,16,0,62,1.873764,7.178236,0,0,1
1,50,13,0,45,5.713785,2.701215,0,0,1
0,43,11,0,48,2.087904,2.280096,0,0,0
0,66,14,0,144,.943488,2.800512,0,1,1
0,59,14,0,153,4.549608,4.477392,0,1,1
0,64,12,1,19,.180234,.408766,0,1,0
0,21,14,0,22,.001364,.020636,0,0,0
0,58,13,0,77,1.479555,3.371445,0,1,1
1,34,11,0,21,.27825,1.94775,0,0,0
1,76,13,0,31,.02666,.59334,0,0,0
1,75,16,1,14,.25704,.93296,0,1,1
1,69,10,1,9,.366858,.434142,0,0,0
0,20,15,0,31,.5642,4.8608,0,0,1
0,26,12,0,29,1.169686,.773314,0,1,1
1,46,12,0,63,.139356,1.624644,0,0,1
0,65,17,1,14,.117124,1.198876,0,1,0
1,31,15,0,93,1.38384,2.33616,0,1,1
1,33,9,0,27,.833949,.975051,0,1,0
1,35,16,0,23,2.0102,2.5898,0,1,0
0,29,13,0,31,.64728,2.14272,0,0,0
1,72,21,1,19,.580944,.901056,0,0,0
1,67,20,0,74,2.053056,2.978944,0,1,1
1,31,20,0,59,.12213,8.01987,0,1,0
1,75,16,1,14,.26334,2.04666,0,1,1
1,39,14,0,60,1.25712,.90288,0,1,0
1,31,17,0,62,.85932,.38068,0,0,1
1,56,10,0,22,1.7303,1.1297,0,0,0
1,38,16,0,88,3.663792,10.592208,0,0,0
1,49,19,0,97,2.855874,1.218126,0,1,1
1,48,14,0,24,.57372,.26628,0,1,0
1,39,19,0,80,1.254,20.746,0,1,0
1,57,14,1,31,5.080435,6.234565,0,0,1
0,24,18,0,22,.962676,2.183324,0,1,1
1,54,11,0,61,4.738846,6.180154,0,0,1
0,34,17,0,29,.012296,.016704,0,0,1
0,68,18,0,53,.592858,1.209142,0,1,1
1,53,17,0,77,7.894579,4.656421,0,0,1
0,40,18,0,61,2.22528,3.56972,0,0,1
1,23,15,0,29,.760032,1.327968,0,1,1
0,36,15,0,46,1.199496,4.458504,0,0,0
1,54,14,0,40,1.2672,.9328,0,1,1
1,73,11,1,9,.324522,1.853478,0,0,0
1,79,17,1,9,.33264,.67536,0,0,1
1,71,12,0,25,.0453,.0547,0,1,0
1,47,12,0,45,4.210875,4.654125,0,1,1
0,30,21,0,25,.3555,3.5945,0,0,1
1,37,14,0,30,.95811,2.31189,0,0,1
0,28,15,0,18,.787176,1.300824,0,1,0
0,53,12,0,73,4.586517,3.954483,0,1,0
1,41,10,0,18,.09315,1.14885,0,0,0
0,71,10,0,34,.720834,3.053166,0,0,1
0,33,15,0,30,1.44144,3.17856,0,0,1
0,59,9,0,45,1.3923,4.4577,0,1,0
1,61,17,0,55,.527175,3.377825,0,0,0
0,58,15,0,42,1.200192,.773808,0,1,0
0,30,17,0,30,.32604,1.95396,0,0,1
1,30,20,0,71,.572544,.563456,0,0,1
0,22,12,0,16,.604656,1.267344,0,0,0
1,49,15,0,25,1.03155,2.41845,0,0,0
0,79,17,1,15,.09468,.26532,0,1,1
1,59,18,0,75,3.61035,7.03965,0,1,1
1,55,15,0,49,.114905,.130095,0,0,1
0,56,18,0,60,.2205,1.0395,0,1,1
0,68,10,0,196,7.93408,7.74592,0,0,1
0,75,17,0,108,3.55752,8.10648,0,0,1
1,41,10,0,77,2.26765,2.50635,0,1,1
1,51,14,0,75,1.592175,3.732825,0,1,1
1,20,15,0,31,1.200909,2.240091,1,0,0
0,22,17,0,15,1.22202,1.56798,1,0,1
0,23,16,0,20,.0228,1.1172,1,1,1
0,37,11,0,29,3.319137,1.233863,1,0,0
1,26,16,0,24,1.297296,1.510704,1,1,0
1,24,17,0,29,1.39258,2.66742,1,0,1
0,28,11,0,17,.150552,1.243448,1,1,0
0,36,12,0,45,.88893,2.84607,1,0,0
0,25,14,0,50,1.218,4.032,1,0,0
1,48,11,0,23,2.051577,2.249423,1,0,1
0,21,16,0,31,.77004,2.08196,1,0,0
0,53,21,0,284,15.456984,11.239016,1,0,1
0,35,11,0,17,.254932,.136068,1,1,1
1,57,15,0,82,1.12176,26.92224,1,0,1
0,22,16,0,20,.27976,.76024,1,1,0
1,26,20,0,64,.391872,2.104128,1,0,0
1,21,12,0,22,.275616,.318384,1,1,1
1,47,10,0,68,5.40056,9.55944,1,0,1
1,21,16,0,30,1.22715,2.82285,1,1,1
1,31,19,0,43,.706146,.196854,1,0,0
1,20,15,0,25,.9061,.7939,1,0,0
1,25,19,0,40,1.31752,2.12248,1,1,0
1,20,15,0,27,.571428,.427572,1,1,1
1,51,15,0,174,9.643254,17.674746,1,1,1
0,19,14,0,15,.536895,.918105,1,1,1
1,39,17,0,42,.84084,11.17116,1,1,1
1,68,14,1,9,.29664,1.14336,1,0,0
0,43,16,0,70,.67144,2.40856,1,0,1
1,36,16,0,45,3.1374,4.4226,1,1,0
0,18,13,0,19,.086184,1.110816,1,0,0
0,25,16,0,20,1.52084,2.41916,1,0,1
0,44,16,0,89,1.273857,2.197143,1,0,1
0,71,14,0,179,18.978654,25.055346,1,0,1
1,28,18,0,47,3.44275,8.30725,1,1,1
0,43,16,0,39,1.913418,2.064582,1,0,1
0,18,13,0,19,.661599,2.359401,1,1,0
1,38,21,0,40,.52416,1.39584,1,1,1
0,40,19,0,93,13.312392,8.263608,1,1,1
0,43,13,0,64,4.84224,1.36576,1,1,1
1,25,12,0,15,1.16883,.49617,1,1,0
0,35,20,0,35,.41328,3.89172,1,1,1
0,22,12,0,20,.98318,1.19682,1,0,1
1,45,17,0,66,4.917,3.333,1,0,1
0,20,14,0,22,1.199528,2.584472,1,0,0
1,20,15,0,20,.18624,.45376,1,0,1
1,30,10,0,37,.524475,.770525,1,0,0
0,18,11,0,19,.338542,2.530458,1,0,0
1,26,16,0,19,1.713306,.452694,1,1,0
1,64,15,0,54,.36936,1.25064,1,0,1
1,21,16,0,14,.870688,.417312,1,0,1
0,54,15,0,38,1.17648,2.24352,1,1,1
1,24,18,0,23,.983411,2.305589,1,0,1
0,25,19,0,31,1.915056,5.338944,1,0,1
1,26,17,0,82,1.391376,6.890624,1,1,1
1,62,13,0,182,28.84882,18.83518,1,0,1
0,20,15,0,17,.459459,.203541,1,1,1
1,30,15,0,30,3.87396,5.30604,1,0,1
0,22,16,0,20,.22268,.53732,1,0,0
1,35,15,0,51,3.406545,5.926455,1,0,1
1,31,13,0,29,.927768,2.668232,1,0,0
0,42,17,0,30,1.1349,1.7751,1,0,1
1,23,16,0,26,.348894,.353106,1,1,1
1,22,11,0,23,.811072,.936928,1,1,1
0,55,17,0,101,6.326034,8.419966,1,0,1
0,42,15,0,65,2.25069,1.51931,1,0,1
0,19,12,0,25,1.493625,1.131375,1,0,1
1,25,18,0,37,.245532,.198468,1,0,1
0,49,13,0,37,.89947,4.39153,1,0,1
1,34,18,0,31,1.040732,2.338268,1,1,1
1,19,14,0,43,2.15516,5.54184,1,0,0
1,27,18,0,17,.822188,1.098812,1,1,0
1,18,13,0,21,.17955,.76545,1,1,1
1,21,14,0,29,1.068795,4.412205,1,0,0
0,18,13,0,19,3.766674,.451326,1,1,1
0,39,17,0,50,2.4648,5.3352,1,0,0
0,32,16,0,36,.472752,4.351248,1,1,1
0,23,15,0,64,1.835584,.916416,1,1,1
1,19,14,0,13,.256932,1.147068,1,0,1
0,28,20,0,55,5.944125,3.130875,1,0,0
1,29,17,0,47,.877725,3.023275,1,0,1
0,30,18,0,30,1.6038,1.3662,1,1,1
1,20,15,0,28,.875336,1.868664,1,1,1
1,19,14,0,19,.407531,4.171469,1,1,1
1,30,17,0,40,2.07648,2.96352,1,0,0
1,54,17,0,118,19.665408,10.542592,1,0,1
1,31,17,0,18,1.574388,2.061612,1,0,1
0,26,19,0,36,.796068,.607932,1,0,1
0,37,13,0,16,.653248,1.234752,1,0,0
0,68,13,0,47,4.981248,3.666752,1,1,0
1,39,19,0,92,6.413872,4.258128,1,0,1
1,31,18,0,33,.507045,.647955,1,0,1
1,72,15,0,43,3.172927,1.686073,1,1,0
0,67,17,0,103,9.938367,12.000633,1,1,1
1,27,16,0,30,.0678,.0822,1,1,1
1,30,14,0,26,1.042002,.855998,1,1,1
0,67,14,0,65,9.440405,10.774595,1,1,1
0,33,20,0,98,5.786704,18.125296,1,0,0
1,26,15,0,30,1.86396,7.64604,1,1,1
1,37,11,0,57,7.318857,5.278143,1,0,1
0,36,14,0,29,1.708245,1.742755,1,0,1
0,55,20,0,208,9.208992,20.119008,1,1,1
0,26,14,0,19,.317053,.461947,1,0,0
0,21,13,0,19,1.082221,.874779,1,0,1
0,19,14,0,32,2.464768,1.247232,1,1,1
0,32,15,0,19,.697566,3.311434,1,1,1
1,25,18,0,45,1.37214,1.59786,1,1,1
0,29,17,0,24,.191064,.264936,1,1,0
0,41,19,0,95,3.92882,16.11618,1,0,1
1,37,21,0,147,11.72325,6.65175,1,0,1
1,28,18,0,39,.748917,.694083,1,1,0
1,41,14,0,43,2.622871,5.160129,1,1,0
1,68,12,1,12,.656484,2.067516,1,1,1
0,53,17,0,94,3.345272,12.070728,1,0,0
0,22,14,0,18,2.5389,1.3671,1,1,1
1,33,11,0,38,2.05485,4.59515,1,1,1
1,51,14,0,35,3.41334,1.10166,1,0,0
0,65,16,0,296,18.069912,32.546088,1,0,1
1,39,14,0,83,2.701152,3.274848,1,0,0
0,51,21,0,46,11.935574,4.946426,1,0,1
0,33,14,0,32,1.19856,6.06544,1,1,1
1,26,15,0,24,.91692,2.32308,1,1,1
0,49,12,0,38,1.435336,1.452664,1,0,1
0,49,18,0,197,14.25886,22.77714,1,1,0
1,23,13,0,15,.39123,.82377,1,0,0
0,45,17,0,190,1.9019,11.3981,1,1,1
0,19,14,0,12,.107952,.204048,1,1,1
0,51,12,0,23,.75118,2.51482,1,0,0
0,38,19,0,23,.591514,1.179486,1,0,0
0,47,12,0,136,4.468416,5.595584,1,1,0
0,51,16,0,68,1.634584,5.233416,1,1,0
1,63,11,0,304,34.719232,15.744768,1,0,1
0,18,13,0,18,.020034,.357966,1,0,1
0,42,17,0,25,1.63575,.61425,1,1,0
0,20,15,0,19,.969969,3.229031,1,0,0
0,50,15,0,112,9.56928,8.35072,1,1,1
0,19,14,0,19,.346104,3.149896,1,0,0
0,25,16,0,21,3.69873,2.28627,1,1,0
0,27,10,0,24,2.23872,1.98528,1,0,1
1,51,16,0,203,12.374068,27.413932,1,1,1
1,32,13,0,62,1.609272,6.202728,1,1,0
1,36,16,0,21,.74907,.46893,1,1,1
0,41,15,0,39,1.900626,2.701374,1,0,1
0,33,18,0,29,1.56281,.90219,1,0,1
1,62,19,0,31,1.11259,4.62241,1,0,0
0,18,13,0,29,2.21299,1.55701,1,1,1
1,21,12,0,14,.28525,1.46475,1,0,1
1,37,20,0,61,1.3115,9.1805,1,1,1
1,52,17,0,59,9.543781,8.097219,1,1,1
1,26,19,0,67,1.466496,3.625504,1,0,0
0,31,16,0,20,2.50376,2.75624,1,0,0
0,31,14,0,42,4.106214,4.839786,1,1,1
0,26,14,0,37,6.571422,4.417578,1,0,0
0,23,15,0,17,.80444,.74256,1,0,1
0,30,13,0,27,1.324188,8.557812,1,0,1
0,20,15,0,18,.864756,.971244,1,0,1
1,34,19,0,62,1.777912,4.856088,1,0,1
0,58,19,0,397,14.664386,14.316614,1,1,1
1,58,16,0,198,12.296394,12.849606,1,0,1
1,46,12,0,143,11.222211,4.650789,1,0,0
1,42,17,0,42,.64974,8.63226,1,1,1
0,39,11,0,60,4.44888,2.21112,1,0,1
0,24,19,0,18,.5085,1.5255,1,1,0
1,36,16,0,148,23.48316,12.92484,1,1,1
1,23,11,0,19,1.241954,.620046,1,1,1
1,27,21,0,114,10.054572,13.771428,1,1,1
0,46,14,0,81,2.588355,3.648645,1,0,1
1,34,19,0,41,.934636,5.789364,1,0,1
1,25,18,0,35,1.654205,3.630795,1,1,1
0,24,14,0,22,.267014,4.770986,1,0,1
0,46,12,0,33,.43362,.55638,1,0,1
1,19,14,0,14,1.3468,.7252,1,1,0
0,23,14,0,15,.698205,.636795,1,1,0
1,32,17,0,25,.45815,.76685,1,0,0
0,32,12,0,15,1.08675,1.16325,1,1,1
0,20,15,0,16,.351216,3.984784,1,1,1
1,41,13,0,97,13.052514,10.809486,1,0,1
1,23,14,0,13,.307008,.940992,1,1,0
1,21,16,0,39,1.472328,4.611672,1,1,1
0,49,17,0,76,4.635696,5.852304,1,1,0
0,19,14,0,20,1.12924,3.23076,1,0,0
1,25,18,0,36,4.130604,2.313396,1,1,1
0,40,12,0,63,3.542112,12.270888,1,1,1
1,49,18,0,73,6.743667,11.433333,1,0,1
0,23,14,0,61,6.56604,7.70796,1,1,1
0,22,16,0,20,.09594,.68406,1,0,1
1,34,17,0,22,.63492,3.43508,1,1,1
0,21,12,0,24,1.435608,2.332392,1,1,1
0,28,9,0,18,.742968,.481032,1,1,1
0,51,17,0,84,3.721872,5.182128,1,0,1
0,42,10,0,57,8.398551,3.970449,1,1,1
1,21,14,0,20,.4515,3.0485,1,1,0
1,43,13,0,32,1.343232,5.440768,1,0,1
1,42,13,0,39,1.476072,1.760928,1,1,1
0,18,13,0,15,.44928,1.89072,1,0,0
0,25,14,0,27,1.215297,1.565703,1,0,0
1,24,15,0,19,.32528,.43472,1,1,0
1,26,14,0,24,.417576,2.870424,1,0,1
1,22,17,0,20,.7056,.9744,1,0,0
0,37,17,0,60,4.1004,8.1396,1,1,0
1,25,10,0,22,2.176944,3.279056,1,1,1
1,51,15,0,33,2.568951,5.054049,1,1,1
0,19,12,0,24,1.65816,1.72584,1,0,1
0,48,20,0,226,6.056122,22.645878,1,1,1
0,24,14,0,29,2.03609,1.41491,1,0,0
1,63,10,0,30,1.67616,2.64384,1,1,0
0,36,14,0,56,3.179904,1.188096,1,0,0
1,28,19,0,61,1.46095,1.58905,1,1,1
1,50,12,0,86,4.64185,6.28015,1,1,0
1,67,22,0,126,9.6012,5.5188,1,1,1
1,22,10,0,22,.80784,.95216,1,0,1
0,29,10,0,33,3.238092,1.645908,1,0,0
0,18,13,0,13,.067041,.283959,1,0,0
1,20,15,0,24,.311904,3.792096,1,1,1
1,32,17,0,27,3.286035,3.220965,1,1,0
0,48,20,0,212,10.44736,19.23264,1,1,1
1,34,15,0,49,.02744,.75656,1,1,1
1,43,16,0,58,1.170092,3.295908,1,0,0
1,34,18,0,107,1.005372,2.846628,1,0,1
1,28,16,0,56,5.490744,3.525256,1,0,1
0,23,18,0,60,1.2636,6.8364,1,1,1
0,49,19,0,150,5.61105,11.03895,1,0,1
1,23,17,0,39,2.818179,8.062821,1,1,0
0,55,17,0,146,16.419598,14.386402,1,0,0
1,27,18,0,44,1.02102,2.71898,1,1,0
1,30,20,0,27,2.53071,3.03129,1,0,1
1,40,17,0,63,.910224,4.381776,1,1,1
1,19,14,0,13,.193856,2.835144,1,0,0
1,27,22,0,44,.69168,1.94832,1,1,1
0,47,9,0,72,5.362776,9.829224,1,0,0
1,48,14,0,186,13.976784,9.087216,1,1,1
0,71,12,1,12,.753984,.590016,1,1,0
1,19,14,0,21,.936936,1.247064,1,1,0
1,52,12,0,41,4.844642,5.897358,1,0,1
0,30,15,0,40,2.8896,3.9904,1,0,0
0,31,19,0,68,.30498,2.34702,1,0,0
0,61,13,0,180,13.8852,11.3148,1,1,1
1,18,11,0,24,.335256,1.128744,1,1,1
0,36,15,0,99,4.355208,18.810792,1,0,1
0,47,16,0,64,2.11008,4.60992,1,1,1
0,25,20,0,49,.134456,.551544,1,0,0
1,31,13,0,37,.4588,5.2762,1,0,1
1,21,14,0,20,1.35564,3.38436,1,0,0
1,19,13,0,14,.852012,1.205988,1,0,0
1,30,17,0,36,.766584,2.041416,1,0,1
0,39,22,0,119,1.631252,3.842748,1,1,1
1,63,19,0,69,3.16572,9.59928,1,0,0
1,24,15,0,25,1.5606,.9894,1,0,1
0,24,17,0,58,1.646736,1.601264,1,0,0
0,45,20,0,134,12.168808,7.395192,1,1,1
0,40,20,0,46,1.26868,1.95132,1,0,1
0,58,19,0,1073,109.072596,102.308404,1,1,1
0,18,13,0,28,4.238892,2.565108,1,1,1
1,21,13,0,16,.985792,1.350208,1,1,0
0,35,12,0,36,1.1016,6.0984,1,0,1
1,24,12,0,24,.56628,2.86572,1,0,0
0,19,11,0,18,.643356,1.354644,1,0,0
1,73,19,0,259,24.022768,11.201232,1,0,1
0,60,14,0,34,.981444,2.486556,1,0,0
1,32,18,0,27,1.458,4.617,1,1,1
1,43,16,0,89,5.093648,4.874352,1,0,0
0,20,15,0,28,1.016064,1.671936,1,0,0
0,23,15,0,25,.47585,.29915,1,1,0
0,69,13,0,40,1.81724,5.42276,1,0,0
0,29,17,0,48,.55944,1.60056,1,0,1
1,57,19,0,77,12.499872,8.059128,1,0,0
0,46,9,0,26,.975936,2.612064,1,0,1
0,21,12,0,14,.789488,1.338512,1,0,1
0,27,19,0,44,.650496,3.221504,1,0,0
1,18,13,0,17,.243695,.555305,1,1,0
1,58,17,1,21,.713748,1.722252,1,0,0
0,18,13,0,17,.139519,.353481,1,0,0
1,23,14,0,18,1.511424,1.440576,1,0,0
1,24,13,0,33,.792396,1.484604,1,1,1
1,36,15,0,63,2.516976,8.571024,1,1,1
0,33,13,0,29,2.588308,3.559692,1,0,1
0,49,16,0,138,3.025512,8.566488,1,0,0
1,27,11,0,17,1.134903,.888097,1,1,0
1,23,16,0,14,.646884,1.495116,1,0,1
0,36,11,0,71,4.38496,6.97504,1,0,1
0,21,16,0,20,1.142,.858,1,0,0
1,26,17,0,48,.82128,4.84272,1,1,1
1,42,14,0,72,3.071952,2.544048,1,1,1
1,43,14,0,41,4.900115,3.504885,1,0,0
1,46,11,0,45,1.7055,2.7945,1,0,0
0,35,13,0,44,8.21128,1.33672,1,1,1
0,53,15,0,81,7.85133,14.01867,1,1,1
1,35,15,0,39,1.64268,1.51632,1,1,1
1,37,8,0,19,1.459276,5.456724,1,0,1
1,34,16,0,29,3.132464,1.420536,1,1,1
0,21,10,0,20,.76638,.29362,1,0,0
1,24,12,0,16,.28272,1.54128,1,1,1
1,35,19,0,60,1.2474,4.6926,1,1,1
1,27,14,0,78,1.3728,11.1072,1,0,1
0,18,13,0,20,.42672,2.11328,1,0,1
0,22,14,0,19,.333868,1.414132,1,1,1
0,22,17,0,25,2.7336,4.0664,1,1,0
0,24,14,0,47,.379901,6.059099,1,0,0
1,39,17,0,54,5.83389,2.53611,1,1,1
1,24,14,0,32,.55536,2.29264,1,1,0
1,18,13,0,28,.886256,3.705744,1,0,1
1,28,21,0,77,.145299,8.401701,1,1,1
1,44,18,0,57,2.505264,2.168736,1,0,0
0,29,17,0,32,.708864,1.563136,1,0,0
0,24,17,0,18,.656676,.675324,1,0,1
1,21,16,0,31,.785478,1.756522,1,0,1
1,37,18,0,102,.92004,10.29996,1,0,0
0,48,14,0,92,4.325104,10.486896,1,1,0
1,48,16,0,23,1.618234,4.223766,1,0,1
1,31,14,0,40,6.03756,5.12244,1,1,1
0,53,15,0,83,14.31584,1.95216,1,0,1
1,39,18,0,38,3.539016,2.388984,1,1,1
0,21,15,0,44,1.29646,2.35554,1,0,0
1,35,19,0,49,2.02566,5.76534,1,0,1
1,37,12,0,35,.4186,.3864,1,1,0
1,60,14,0,59,6.277305,3.929695,1,1,1
0,29,17,0,16,.521472,1.270528,1,0,1
0,18,13,0,24,1.517568,.978432,1,0,0
0,24,12,0,15,.533265,.561735,1,0,0
1,63,20,0,87,1.551732,6.365268,1,0,0
0,36,17,0,23,.094116,.618884,1,1,1
1,45,12,0,32,1.204224,3.499776,1,0,1
1,33,9,0,23,.891917,2.719083,1,0,1
1,69,12,0,115,17.11545,30.03455,1,1,0
0,22,17,0,35,3.496465,6.408535,1,0,0
1,27,15,0,34,1.833858,2.144142,1,0,0
1,34,19,0,47,2.435305,7.669695,1,1,1
1,19,14,0,13,.00728,.20072,1,0,1
1,38,13,0,52,2.749968,9.002032,1,1,0
1,23,12,0,22,.337392,1.224608,1,0,1
0,72,14,0,137,16.755648,8.178352,1,0,0
0,35,14,0,29,1.308045,1.388955,1,1,1
0,35,12,0,19,.345971,2.143029,1,0,1
0,24,18,0,30,.15444,1.16556,1,1,1
0,40,14,0,44,3.924668,4.479332,1,1,0
1,51,14,0,27,1.35594,1.07406,1,1,1
1,26,14,0,37,.98642,2.19558,1,1,0
1,25,20,0,40,1.18944,2.17056,1,1,1
0,22,16,0,44,.23628,1.08372,1,0,1
0,29,16,0,35,1.976065,1.558935,1,0,1
0,66,14,1,11,2.35345,.67155,1,1,1
1,23,15,0,14,.53452,2.68548,1,1,1
1,24,19,0,44,.722304,1.785696,1,1,1
0,21,16,0,27,1.562868,1.569132,1,0,1
1,51,17,0,70,6.5856,6.8544,1,0,1
0,29,10,0,38,2.8424,1.3376,1,0,1
1,41,22,0,40,4.24424,3.03576,1,0,0
1,44,13,0,43,1.082998,1.024002,1,0,1
1,42,20,0,80,1.944,4.056,1,1,1
1,27,16,0,38,2.914752,2.253248,1,0,0
1,57,20,0,234,6.652152,17.449848,1,0,0
1,27,20,0,27,.943866,3.214134,1,1,1
0,19,14,0,18,.74664,1.44936,1,1,1
0,21,16,0,18,.37044,1.39356,1,1,1
1,18,12,0,15,.08151,.48849,1,1,1
1,32,15,0,49,3.712436,5.499564,1,1,1
1,72,19,0,25,.137825,.787175,1,0,0
1,65,14,0,70,8.67825,9.59175,1,0,1
0,26,8,0,19,.343786,1.233214,1,0,0
0,18,13,0,23,1.070282,1.367718,1,0,0
1,31,14,0,18,.501804,1.406196,1,1,1
1,23,18,0,18,.854244,1.341756,1,1,1
0,32,18,0,81,1.35513,4.31487,1,1,1
1,28,16,0,54,6.555816,7.916184,1,0,1
1,59,11,0,54,5.567616,9.984384,1,0,1
1,39,21,0,210,1.26378,20.15622,1,0,1
0,18,13,0,44,3.017784,3.054216,1,1,1
1,22,16,0,24,.4002,.2958,1,1,1
0,24,18,0,14,.652288,.803712,1,0,0
1,28,18,0,45,1.15911,1.27089,1,0,0
0,23,9,0,15,.31959,1.27041,1,1,0
0,45,20,0,112,6.066816,6.365184,1,1,1
1,21,14,0,30,.92247,1.98753,1,1,1
0,26,16,0,29,.13195,1.31805,1,1,1
0,31,14,0,38,2.069024,4.238976,1,1,0
0,37,12,0,42,.9387,5.3193,1,0,1
1,20,15,0,26,2.008448,5.063552,1,0,1
1,44,19,0,41,3.330225,8.354775,1,0,1
0,61,15,0,75,1.4427,1.7073,1,0,1
1,37,16,0,46,2.277782,5.496218,1,1,0
1,40,13,0,61,5.51562,7.90438,1,1,1
0,64,14,0,50,6.09915,4.85085,1,1,1
0,73,16,0,51,4.979691,3.741309,1,1,0
0,38,16,0,28,2.678312,2.053688,1,0,1
0,37,17,0,60,1.554,6.846,1,0,0
1,22,17,0,23,.514464,1.693536,1,1,0
0,19,13,0,20,.21056,2.02944,1,0,0
1,68,14,0,313,42.0985,36.1515,1,1,1
1,39,15,0,23,1.041141,3.351859,1,0,1
1,35,10,0,34,.670582,4.871418,1,0,1
1,60,19,0,142,15.107664,7.044336,1,0,1
1,22,17,0,17,.067201,1.071799,1,0,1
0,29,18,0,34,2.387616,4.718384,1,0,1
1,30,19,0,39,2.58453,6.58047,1,0,1
1,26,15,0,100,4.0228,7.2772,1,1,0
0,24,9,0,15,.1815,.5685,1,1,1
0,50,11,0,32,1.740928,6.835072,1,0,1
1,60,15,0,69,1.680426,3.977574,1,1,1
1,37,13,0,82,8.187864,4.686136,1,1,0
0,33,15,0,48,1.040112,3.423888,1,0,0
0,32,21,0,69,12.4752,3.1188,1,0,1
0,20,15,0,22,.57904,.65296,1,1,1
0,39,15,0,33,.799755,3.523245,1,1,0
1,20,15,0,15,.78165,1.24335,1,1,0
0,34,8,0,21,1.454376,.393624,1,0,0
1,55,13,0,117,16.84683,11.46717,1,0,1
1,33,19,0,47,1.0716,2.6884,1,1,0
0,66,16,0,123,8.84616,10.21884,1,1,1
1,57,11,0,33,.980562,4.926438,1,0,0
0,22,17,0,17,.984555,1.446445,1,0,1
1,21,16,0,15,.522975,.902025,1,1,1
0,19,14,0,32,1.798368,2.393632,1,0,1
0,55,10,0,67,3.696792,11.579208,1,0,0
1,27,17,0,34,2.307648,5.308352,1,1,1
0,47,16,0,185,9.4535,22.9215,1,0,1
0,27,14,0,42,.68019,2.63781,1,0,0
0,46,18,0,30,.3255,1.7745,1,0,1
1,38,21,0,37,1.874494,3.527506,1,0,0
0,26,16,0,35,1.8753,6.1047,1,0,1
1,27,16,0,46,4.11861,1.72339,1,1,1
1,18,13,0,16,.257632,1.294368,1,1,1
1,19,14,0,28,2.88834,2.57166,1,0,1
0,63,11,0,33,.19536,5.08464,1,1,1
1,65,14,0,53,1.42941,6.25559,1,0,0
0,53,18,0,35,7.494375,5.630625,1,1,1
0,25,20,0,94,2.697988,7.924012,1,0,1
1,43,9,0,42,1.426824,1.765176,1,0,0
0,27,17,0,135,6.60555,7.56945,1,0,1
1,42,19,0,56,1.049104,.854896,1,0,0
0,46,20,0,131,3.862011,8.320989,1,1,1
0,18,13,0,14,.68523,.22477,1,0,1
1,46,17,0,88,2.890272,5.205728,1,0,0
0,35,19,0,60,3.56328,2.49672,1,1,1
1,53,20,0,368,2.8336,53.8384,1,0,1
0,35,12,0,42,2.170896,2.197104,1,0,1
0,72,16,1,10,.31204,.84796,1,0,0
1,32,8,0,40,2.31616,4.72384,1,1,1
1,23,18,0,47,1.274922,3.378078,1,1,1
1,21,11,0,20,.11918,1.06082,1,1,1
1,34,16,0,29,2.541444,6.941556,1,1,1
1,32,14,0,29,1.196076,1.239924,1,0,1
1,25,15,0,53,.437886,.463114,1,0,0
0,21,16,0,20,.89208,.78792,1,0,1
1,31,19,0,118,5.01795,10.91205,1,0,0
1,44,15,0,144,4.74768,10.37232,1,1,1
0,24,15,0,61,.5551,.9699,1,0,1
1,29,14,0,18,.228906,.257094,1,1,0
1,29,23,0,199,8.99878,28.81122,1,1,1
1,24,15,0,28,1.753752,2.250248,1,0,0
0,27,13,0,43,.901968,2.366032,1,1,1
0,25,14,0,25,.9768,1.4232,1,0,0
0,40,11,0,54,3.733452,7.444548,1,0,0
0,18,13,0,17,1.024335,.726665,1,0,0
0,25,17,0,50,1.9074,4.6926,1,0,1
0,51,15,0,29,.288144,1.799856,1,1,0
0,38,19,0,41,2.572504,4.971496,1,0,1
1,50,17,0,54,2.028132,7.583868,1,0,0
1,21,16,0,21,.969612,1.529388,1,1,1
1,21,16,0,23,1.187329,3.619671,1,0,0
0,37,11,0,24,.04956,.11844,1,1,1
0,22,17,0,13,.800124,.993876,1,0,1
1,33,13,0,52,3.522012,7.449988,1,1,1
1,19,13,0,14,.577962,1.368038,1,1,1
0,32,18,0,69,1.367718,2.289282,1,1,1
1,53,15,0,28,2.748872,4.447128,1,0,1
0,46,9,0,23,.147798,2.750202,1,1,0
0,42,17,0,62,3.54888,.91512,1,0,1
0,30,21,0,41,.764199,3.704801,1,1,0
1,38,18,0,49,4.95145,6.56355,1,0,1
0,25,13,0,20,2.52048,2.19952,1,0,1
0,18,13,0,16,.513616,.238384,1,0,0
1,20,15,0,35,.29498,1.42002,1,1,1
1,24,11,0,34,1.142128,2.393872,1,1,0
0,24,19,0,32,.231168,1.112832,1,1,0
1,22,17,0,14,.539784,.594216,1,1,1
0,65,18,0,50,6.019,6.981,1,1,1
1,33,19,0,73,.53874,6.03126,1,0,1
0,18,13,0,15,.900405,1.904595,1,0,0
0,21,16,0,20,.88208,2.09792,1,1,1
0,42,19,0,52,2.17672,3.80328,1,1,0
1,63,9,1,44,6.400416,3.631584,1,1,0
1,27,18,0,35,2.57446,2.39554,1,0,0
0,52,18,0,995,67.49085,141.45915,1,0,1
1,50,14,0,26,.363168,3.380832,1,1,1
1,48,19,0,27,1.948752,.859248,1,1,1
1,59,19,0,338,12.59895,22.89105,1,0,0
0,51,10,0,35,.57365,1.35135,1,1,1
1,33,19,0,49,1.634934,1.648066,1,0,1
0,21,15,0,43,1.16788,3.00312,1,0,0
0,43,10,0,23,1.40415,4.92085,1,0,0
1,36,15,0,27,1.007721,1.665279,1,1,1
1,64,15,0,46,4.157664,8.216336,1,0,1
1,32,21,0,33,.405405,1.739595,1,0,1
0,31,19,0,59,1.944876,9.914124,1,0,0
0,52,17,0,35,1.33903,1.25097,1,1,0
1,23,18,0,29,.850889,.918111,1,0,0
0,20,10,0,20,1.03334,1.38666,1,1,0
1,18,13,0,16,.653184,.690816,1,1,0
0,42,16,0,44,1.332936,3.023064,1,1,1
1,21,16,0,16,.753744,1.214256,1,0,1
1,29,15,0,86,6.570916,6.415084,1,1,1
0,52,20,0,261,7.889508,9.336492,1,0,1
0,20,14,0,21,.252882,.314118,1,1,1
1,18,13,0,20,2.2008,3.0392,1,0,1
0,41,13,0,73,3.283686,5.403314,1,1,1
1,23,17,0,34,1.114384,1.197616,1,1,1
0,30,18,0,74,5.365,5.365,1,1,1
1,29,13,0,29,2.251908,.880092,1,1,0
0,42,17,0,29,1.591317,1.801683,1,1,1
0,23,14,0,39,1.080066,7.772934,1,1,1
0,21,8,0,18,.93969,3.83031,1,0,0
0,19,11,0,19,.079002,.262998,1,1,0
0,45,18,0,38,.583832,5.762168,1,0,1
1,25,12,0,20,.94248,1.57752,1,1,1
1,29,13,0,16,.316416,1.219584,1,1,1
0,51,17,0,58,.66671,2.52329,1,1,0
0,21,16,0,30,1.0761,4.0239,1,0,0
0,24,14,0,35,4.005995,2.889005,1,0,0
1,70,19,0,418,14.351194,43.750806,1,0,1
1,25,18,0,33,2.91291,3.09309,1,0,1
1,24,19,0,45,3.11634,5.83866,1,1,1
0,28,18,0,21,.958188,1.603812,1,1,0
1,26,14,0,20,1.09032,1.54968,1,1,1
1,67,11,0,166,16.12856,7.11144,1,0,0
0,28,18,0,124,3.380736,14.227264,1,1,0
0,19,11,0,23,1.119916,4.837084,1,1,1
0,27,8,0,24,.405504,3.818496,1,0,0
0,40,16,0,28,1.404928,1.731072,1,1,0
1,61,8,0,66,5.15493,8.37507,1,0,1
0,39,14,0,37,2.949048,5.042952,1,0,1
1,39,14,0,84,2.895648,8.780352,1,1,1
0,26,11,0,28,.860664,5.243336,1,0,0
0,59,21,0,300,8.1435,18.5565,1,0,1
1,23,18,0,29,.172144,2.901856,1,1,1
1,18,13,0,41,.311436,.057564,1,1,0
0,19,13,0,22,.92796,1.51404,1,0,0
0,48,20,0,27,1.08837,2.82663,1,1,0
1,23,14,0,16,1.01712,1.59088,1,0,0
0,29,17,0,67,3.528756,3.104244,1,0,0
0,18,13,0,14,.178416,.829584,1,0,1
1,39,12,0,24,1.09032,.58968,1,1,1
0,55,13,0,48,.780528,4.067472,1,0,1
0,34,20,0,125,5.3025,12.1975,1,0,1
0,18,13,0,15,.328335,.466665,1,0,0
1,64,19,0,279,15.36732,34.85268,1,1,1
0,39,12,0,42,1.72368,5.83632,1,1,1
1,35,20,0,46,3.01576,3.83824,1,1,0
1,19,14,0,16,.241696,1.086304,1,0,0
0,74,12,0,323,29.811608,15.085392,1,1,1
1,44,18,0,47,3.802864,5.973136,1,0,0
1,48,18,0,31,1.207016,6.480984,1,1,1
1,26,17,0,70,1.02858,4.50142,1,0,1
0,28,18,0,29,.5626,2.2504,1,1,1
0,23,18,0,30,1.91673,.87327,1,0,1
1,29,12,0,24,.904176,.967824,1,1,1
0,18,13,0,15,.225675,.539325,1,1,1
1,30,15,0,18,1.057536,.886464,1,0,1
1,60,18,0,86,7.642132,5.859868,1,0,1
1,38,18,0,117,4.98069,6.60231,1,0,0
0,39,14,0,19,.473594,1.825406,1,0,1
1,32,14,0,23,.41975,2.45525,1,0,0
0,28,21,0,29,.815451,1.823549,1,1,1
0,58,16,0,133,7.075467,20.455533,1,0,0
1,30,16,0,32,1.39264,2.95936,1,1,0
1,36,19,0,142,1.288224,2.545776,1,1,1
1,20,15,0,14,.52374,1.28226,1,1,0
0,25,19,0,15,.065025,.159975,1,1,1
0,48,10,0,140,21.40502,13.17498,1,0,0
1,26,19,0,25,1.4529,2.8971,1,1,1
1,44,11,0,46,.059432,1.688568,1,1,1
1,25,17,0,25,.55125,.67375,1,1,1
1,30,19,0,48,2.86824,6.01176,1,0,0
0,34,13,0,29,1.860872,1.155128,1,1,0
1,37,12,0,70,5.34051,4.94949,1,1,1
0,23,15,0,31,2.417132,.713868,1,0,0
0,28,14,0,33,.333498,5.045502,1,0,0
0,21,15,0,20,.387,2.193,1,0,1
0,36,18,0,122,25.504222,17.073778,1,0,0
1,18,13,0,25,.377775,1.347225,1,1,1
0,41,13,0,48,4.089936,2.582064,1,1,1
1,32,22,0,83,1.909332,11.536668,1,1,1
0,36,18,0,63,2.67498,11.18502,1,0,0
1,22,12,0,32,.20944,2.25456,1,1,0
0,53,15,0,47,3.073424,2.660576,1,0,1
0,18,9,0,15,.251505,.963495,1,1,0
1,27,16,0,30,.1476,1.0824,1,1,0
0,28,12,0,45,1.11132,12.11868,1,1,1
0,32,20,0,59,1.64787,2.48213,1,0,1
0,32,12,0,24,2.547072,.908928,1,1,1
1,29,18,0,24,.8148,.8652,1,1,1
0,72,10,0,31,1.100841,3.022159,1,0,0
1,26,21,0,22,.47564,2.05436,1,0,0
1,60,8,0,46,1.1753,2.1827,1,1,1
1,20,15,0,40,.11424,1.24576,1,0,0
1,28,17,0,20,.88452,1.63548,1,0,0
0,23,16,0,22,.612612,.509388,1,0,1
0,50,9,0,84,8.418816,11.069184,1,0,0
1,50,7,0,26,.279136,1.306864,1,1,1
0,18,13,0,17,1.214752,.689248,1,0,1
1,25,19,0,18,.34443,1.25757,1,0,1
0,19,14,0,11,.056144,.581856,1,1,1
1,24,16,0,14,.638778,.299222,1,0,0
0,67,15,0,181,23.686203,19.934797,1,0,1
0,44,11,0,24,.189024,.338976,1,1,1
0,67,18,0,52,.989976,4.938024,1,1,0
1,55,17,0,87,6.279486,6.857514,1,0,1
0,18,13,0,16,.141056,.322944,1,0,1
0,26,10,0,20,1.74582,1.91418,1,0,1
0,68,13,1,10,.738,.902,1,0,0
0,62,11,0,53,1.74582,3.97818,1,1,0
1,44,13,0,67,.804804,5.292196,1,0,0
1,36,6,0,29,6.561975,5.937025,1,1,1
0,18,13,0,20,.13018,.32982,1,0,1
1,49,14,0,53,2.34366,6.40134,1,1,0
1,29,13,0,31,1.499749,1.631251,1,1,0
1,31,15,0,215,19.7843,26.2257,1,0,1
1,31,12,0,42,1.375164,7.612836,1,1,1
0,35,11,0,37,2.613754,5.119246,1,0,0
1,18,12,0,14,.57708,2.62892,1,1,1
0,20,12,0,21,.365274,.453726,1,1,1
1,46,20,0,86,5.98517,7.34483,1,0,1
1,30,20,0,45,4.0716,12.8934,1,0,1
0,25,15,0,43,2.179068,2.249932,1,1,0
1,25,20,0,31,.168795,1.536205,1,1,0
1,22,14,0,38,.4769,.4731,1,0,0
0,50,17,0,103,13.192137,27.904863,1,0,0
1,39,12,0,38,.132696,1.235304,1,1,1
1,28,17,0,46,2.035546,4.266454,1,0,1
1,49,13,0,37,3.166423,5.232577,1,1,1
1,24,17,0,34,3.488944,3.379056,1,0,0
1,18,13,0,20,.50736,2.51264,1,0,1
1,18,13,0,18,.91188,.61812,1,0,1
1,21,9,0,18,.64296,.20304,1,1,1
0,38,13,0,32,1.38272,3.38528,1,0,1
0,18,13,0,23,.994934,.983066,1,0,1
1,33,14,0,28,.86072,2.10728,1,0,1
0,19,14,0,36,1.126548,1.069452,1,0,1
1,24,14,0,26,1.188148,2.607852,1,0,1
1,19,12,0,19,.08151,1.40049,1,0,0
1,20,15,0,42,.665574,1.560426,1,1,0
1,34,15,0,31,.778379,2.910621,1,0,1
0,63,13,0,215,8.13732,27.55268,1,1,0
0,50,9,0,23,1.213664,1.914336,1,0,1
0,49,16,0,191,10.249824,14.389176,1,1,1
0,59,15,0,137,15.858024,7.157976,1,0,1
0,25,17,0,17,.261324,1.166676,1,1,1
1,39,21,0,35,.14105,.76895,1,0,1
1,23,18,0,16,.383296,1.424704,1,0,0
1,45,18,0,53,2.195154,4.005846,1,1,0
1,21,16,0,21,.165984,.506016,1,1,1
0,36,17,0,52,8.152248,8.383752,1,1,1
0,18,12,0,16,.034176,.061824,1,0,0
1,51,17,0,89,9.430707,12.552293,1,0,0
1,44,11,0,35,6.63152,2.04848,1,0,1
0,22,10,0,16,.491904,2.196096,1,1,1
0,39,18,0,75,8.557425,7.867575,1,0,1
0,26,20,0,41,7.994098,2.911902,1,0,1
1,38,18,0,37,1.513892,5.627108,1,1,0
1,30,12,0,56,.40208,.71792,1,1,1
1,36,15,0,29,.905148,.660852,1,0,1
0,42,17,0,142,9.503208,9.240792,1,1,1
1,21,13,0,15,.105225,1.619775,1,0,1
0,31,13,0,70,3.03639,.95361,1,0,0
1,25,17,0,46,4.43118,8.67882,1,0,0
1,25,13,0,30,.50436,.57564,1,1,1
0,30,14,0,45,2.87676,3.01824,1,1,0
1,31,18,0,33,.820743,1.720257,1,1,1
1,60,21,0,147,12.216288,18.947712,1,0,1
0,30,19,0,45,.690525,1.784475,1,0,1
1,31,12,0,18,.662904,.525096,1,1,1
1,19,14,0,20,.9275,2.5725,1,1,1
1,55,12,0,56,5.427632,11.428368,1,0,0
1,30,21,0,35,3.487855,4.457145,1,1,0
1,20,15,0,16,.155312,.116688,1,1,1
1,32,17,0,26,.019734,.266266,1,0,0
0,41,19,0,87,3.35559,19.78641,1,0,0
1,47,19,0,185,8.658,20.202,1,0,1
0,18,13,0,12,1.422096,.641904,1,0,1
0,28,17,0,34,.18258,.32742,1,1,0
0,20,12,0,14,1.782522,2.823478,1,0,1
1,21,16,0,34,.73542,6.40458,1,1,1
1,18,13,0,15,.47571,1.03929,1,0,0
1,33,9,0,32,.286272,3.745728,1,1,1
0,33,17,0,38,1.132856,3.275144,1,1,1
1,63,19,0,97,3.23883,3.55117,1,1,1
1,32,10,0,19,.940405,.864595,1,0,1
0,21,12,0,15,.64155,.72345,1,0,0
0,22,10,0,21,1.857744,1.334256,1,1,1
0,33,18,0,120,7.15008,8.80992,1,0,0
0,20,11,0,16,.73152,1.18848,1,0,0
1,22,17,0,18,1.741824,1.660176,1,0,0
1,34,12,0,41,1.636351,2.750649,1,0,1
1,19,14,0,16,1.163712,.948288,1,0,0
1,43,20,0,23,1.932966,1.241034,1,1,1
0,58,17,0,197,6.897955,22.455045,1,1,0
0,35,20,0,73,5.052476,5.386524,1,0,1
1,29,20,0,26,.804726,3.641274,1,0,1
0,28,16,0,25,.9734,2.9516,1,0,0
0,57,21,0,780,35.2521,66.9279,1,1,1
1,27,10,0,20,.1904,.3696,1,0,1
1,30,15,0,29,2.05349,8.53151,1,0,1
1,19,14,0,16,.332928,.483072,1,0,0
1,23,18,0,60,.78246,2.99754,1,0,1
0,42,18,0,54,1.43208,2.77992,1,1,1
1,38,15,0,84,2.955036,7.712964,1,1,1
1,28,19,0,30,1.8876,5.9124,1,0,0
0,23,18,0,90,5.55282,14.78718,1,0,1
0,55,14,0,54,5.845122,3.388878,1,1,0
1,25,18,0,12,.811008,1.492992,1,0,1
1,38,18,0,33,.906048,1.667952,1,0,1
0,53,15,0,196,13.694912,20.801088,1,0,1
0,18,13,0,12,.059904,.708096,1,0,1
1,31,19,0,95,.63802,6.29698,1,0,1
0,53,11,0,48,2.53824,1.30176,1,0,1
1,21,16,0,19,.69483,.61617,1,0,1
0,18,13,0,23,1.1385,2.3115,1,1,1
0,19,14,0,18,.49842,.77958,1,0,1
0,24,19,0,26,1.796028,2.727972,1,0,0
1,37,14,0,38,1.680816,2.651184,1,1,1
1,24,9,0,31,.698213,6.214787,1,1,0
1,34,14,0,19,.334305,.634695,1,0,1
0,24,13,0,24,.64848,1.03152,1,0,1
0,44,19,0,184,16.631208,1.584792,1,0,0
1,58,18,0,145,6.62592,22.95408,1,0,1
1,29,13,0,43,2.291685,11.597315,1,0,0
1,31,17,0,25,2.139,2.461,1,1,0
1,63,18,0,31,2.381575,3.043425,1,0,1
0,36,18,0,54,1.06596,2.71404,1,0,1
1,43,20,0,59,.126201,5.360799,1,0,1
1,24,12,0,14,.31759,.59241,1,1,0
1,25,13,0,25,.5075,1.2425,1,1,0
1,28,20,0,15,.55485,1.50015,1,1,1
1,18,13,0,16,.201152,.246848,1,1,1
0,32,11,0,21,.9828,.5292,1,1,1
0,63,18,0,90,11.35755,9.79245,1,0,1
0,34,11,0,38,.32604,4.61396,1,0,1
1,32,20,0,38,.994308,2.729692,1,1,1
1,43,9,0,30,3.468,5.202,1,0,1
1,19,14,0,35,.428085,2.406915,1,1,0
1,40,19,0,31,.205654,1.716346,1,1,0
1,30,14,0,25,1.264375,3.110625,1,0,0
1,51,15,0,59,6.49531,6.36669,1,0,1
1,47,12,0,59,1.562792,1.741208,1,1,1
1,38,17,0,76,4.965156,8.942844,1,0,0
0,45,20,0,19,.52421,2.42079,1,0,0
1,39,17,0,22,.26312,2.26688,1,0,0
1,47,15,0,76,9.924232,6.643768,1,0,1
0,51,17,0,36,.816192,7.031808,1,0,1
1,27,17,0,24,.28536,.69864,1,1,1
1,35,17,0,96,5.2992,10.0608,1,1,1
0,44,18,0,83,3.057637,12.463363,1,1,1
0,27,21,0,23,.731929,2.051071,1,1,0
1,29,15,0,27,.603126,3.527874,1,0,1
0,63,16,0,52,1.825928,3.218072,1,1,1
0,18,12,0,14,.231504,1.224496,1,0,0
1,34,16,0,51,1.062075,.722925,1,1,1
1,19,14,0,21,.38556,1.04244,1,1,0
1,72,13,1,9,.76311,.33489,1,1,0
1,38,10,0,38,.558144,3.089856,1,1,0
0,23,16,0,20,1.86296,3.97704,1,1,0
0,22,15,0,15,.37485,1.15515,1,0,1
0,44,16,0,24,.60816,1.07184,1,1,1
1,44,9,0,79,8.715438,10.481562,1,1,1
0,22,16,0,38,.67868,1.10732,1,0,0
0,20,15,0,18,1.110456,1.751544,1,0,0
1,31,11,0,23,.171396,.242604,1,0,0
0,18,13,0,29,.272948,.481052,1,0,0
0,31,17,0,113,.704329,1.894671,1,0,1
1,33,19,0,91,11.503492,5.513508,1,0,1
0,34,18,0,49,1.250529,5.658471,1,0,0
0,29,17,0,30,1.1421,2.9079,1,0,1
1,20,10,0,18,.837612,1.070388,1,0,0
0,22,12,0,15,2.90667,.94833,1,1,0
0,37,15,0,53,.142464,.281536,1,1,1
0,46,20,0,122,8.275504,6.608496,1,0,1
1,35,12,0,100,5.8448,14.9552,1,0,1
0,26,16,0,34,3.241832,4.986168,1,0,1
1,51,13,0,173,8.898428,17.743572,1,0,1
1,19,14,0,27,.399168,1.112832,1,1,1
0,26,17,0,25,.80925,.81575,1,1,1
1,32,19,0,30,.5064,.6936,1,1,1
0,30,13,0,32,.147392,1.356608,1,1,1
0,57,15,0,220,14.56796,10.29204,1,1,1
1,37,17,0,150,4.7466,3.3534,1,1,1
1,22,14,0,25,.6264,1.1736,1,1,0
1,46,20,0,84,1.723344,6.004656,1,0,1
0,53,15,0,144,16.035264,11.900736,1,1,1
0,57,18,0,146,12.346344,13.057656,1,1,1
1,29,22,0,46,1.737604,2.908396,1,0,0
0,43,14,0,36,1.33056,2.98944,1,0,0
1,32,21,0,64,.812288,4.051712,1,1,0
0,54,14,0,62,2.64771,1.87829,1,0,0
1,30,14,0,30,.79572,1.48428,1,0,1
0,18,12,0,24,2.684016,1.419984,1,0,0
0,36,16,0,38,1.626856,4.225144,1,1,0
0,35,14,0,33,2.3331,.9669,1,0,1
0,19,14,0,33,.3069,2.1681,1,0,0
1,28,21,0,52,.58032,1.75968,1,0,0
0,27,15,0,21,.768222,3.053778,1,0,0
0,38,9,0,49,6.371568,6.270432,1,1,0
0,23,18,0,13,.74802,.61698,1,1,1
1,57,16,0,72,5.620608,4.171392,1,0,1
0,29,20,0,34,.746232,2.415768,1,1,1
1,48,10,0,28,.4081,1.1319,1,1,1
0,31,14,0,30,2.51181,3.15819,1,1,0
1,36,21,0,31,1.095168,4.608832,1,0,1
0,47,13,0,53,3.528104,2.089896,1,1,0
0,35,16,0,41,2.608256,9.035744,1,1,1
1,18,11,0,17,.38148,.74052,1,1,1
0,22,17,0,31,1.01556,3.01444,1,0,1
1,20,15,0,25,5.1223,1.9527,1,1,1
1,33,19,0,43,3.210251,1.992749,1,1,1
0,18,12,0,19,.118066,.375934,1,0,0
0,21,16,0,14,.772464,2.615536,1,0,0
1,54,13,0,165,8.77338,32.80662,1,0,0
1,43,13,0,50,1.7799,3.3201,1,1,0
0,52,12,0,38,1.385328,6.860672,1,0,0
0,29,21,0,62,.265608,.602392,1,0,1
1,21,16,0,20,.4845,1.4155,1,0,1
1,47,18,0,90,3.366,16.434,1,0,0
1,24,19,0,23,.504505,4.210495,1,0,0
0,54,17,0,47,3.346212,1.447788,1,0,1
1,22,12,0,18,1.722996,2.039004,1,0,1
1,44,19,0,139,4.075341,8.017659,1,1,1
1,30,15,0,82,.169904,2.126096,1,0,1
0,55,20,0,63,8.194725,5.350275,1,0,1
1,20,15,0,15,.15114,.50886,1,1,0
0,20,13,0,18,.187272,.460728,1,0,1
0,40,17,0,60,4.56,4.56,1,0,0
1,52,11,0,48,4.233888,1.622112,1,0,1
1,39,20,0,58,4.258128,5.079872,1,1,0
0,25,13,0,22,.81576,1.45024,1,1,0
0,20,13,0,17,1.043868,1.149132,1,0,0
1,32,20,0,37,1.543159,5.079841,1,0,1
1,51,11,0,41,1.722,5.453,1,0,1
0,26,13,0,18,.3294,.7506,1,0,0
1,48,14,0,46,2.08426,3.20574,1,1,1
1,21,13,0,40,3.5952,9.2448,1,0,1
1,28,12,0,27,.165375,.509625,1,1,0
0,18,8,0,16,.69264,.49136,1,0,1
0,34,16,0,21,.81396,3.97404,1,0,1
1,25,13,0,16,.948,1.052,1,1,1
1,22,9,0,29,.065366,.340634,1,0,0
0,70,16,0,526,31.279116,22.372884,1,0,1
0,48,14,0,59,1.038695,1.026305,1,0,0
0,51,15,0,181,9.80658,6.48342,1,0,1
0,37,16,0,40,.29748,4.14252,1,1,0
0,24,14,0,46,1.409256,3.696744,1,1,1
1,62,14,0,283,24.580248,19.001752,1,0,1
0,23,16,0,15,.080325,1.494675,1,0,0
0,42,17,0,45,1.59867,6.77133,1,1,1
0,27,16,0,29,1.778019,1.324981,1,0,1
1,61,18,0,252,18.207,13.293,1,1,0
1,36,15,0,19,.164274,.253726,1,0,1
1,57,15,0,224,30.610048,26.285952,1,1,1
0,41,15,0,66,7.1577,2.7423,1,1,1
1,69,17,0,128,13.606528,8.025472,1,1,1
0,29,11,0,22,1.846152,1.717848,1,0,1
1,31,13,0,23,.752836,6.929164,1,1,1
0,20,15,0,41,1.29888,1.98112,1,1,1
1,24,13,0,25,3.1304,1.1696,1,1,1
1,30,19,0,42,1.670214,8.703786,1,0,1
1,22,13,0,22,.045056,.658944,1,0,1
1,40,21,0,88,2.010624,3.621376,1,1,1
1,52,10,0,67,6.932624,8.611376,1,0,0
0,41,14,0,51,5.77269,2.08131,1,0,1
0,40,14,0,59,1.559547,3.691453,1,1,1
1,21,16,0,23,.667736,8.118264,1,1,0
0,22,16,0,23,.555634,1.606366,1,0,1
1,52,14,0,158,12.29319,14.72481,1,0,1
1,31,12,0,22,.080256,.337744,1,1,1
0,21,11,0,15,.7623,.8127,1,1,0
0,34,12,0,35,2.82555,1.72445,1,0,1
1,25,15,0,22,.38808,1.76792,1,0,0
1,36,17,0,30,.64515,2.80485,1,0,1
1,47,14,0,65,4.26608,14.77892,1,1,0
0,31,16,0,31,1.343478,5.879522,1,1,1
1,47,13,0,113,6.685419,5.857581,1,0,0
0,18,13,0,13,.17641,1.31859,1,1,0
0,26,11,0,24,1.33644,3.10356,1,0,0
1,30,13,0,50,2.65125,2.39875,1,1,0
0,40,11,0,35,1.90988,3.41012,1,1,1
1,32,15,0,30,.62118,2.94882,1,0,0
0,24,11,0,15,.29394,1.77606,1,0,1
0,36,20,0,46,2.19006,.98394,1,1,0
0,52,16,0,79,15.45556,7.61244,1,0,1
1,30,15,0,46,.892308,6.421692,1,0,0
1,42,17,0,202,10.568236,9.833764,1,0,1
1,24,19,0,20,.0944,.2256,1,1,0
1,48,16,0,94,4.62057,3.55743,1,0,1
1,30,20,0,46,3.42171,.58029,1,1,1
0,26,10,0,27,.512082,1.053918,1,0,0
0,19,12,0,16,1.0192,1.0608,1,1,0
0,42,12,0,29,4.348608,3.307392,1,0,0
0,22,17,0,21,.63126,3.14874,1,0,1
1,23,13,0,26,1.798654,3.635346,1,1,0
0,32,14,0,22,.263296,3.850704,1,0,0
1,28,15,0,28,1.19574,.84826,1,0,0
0,38,15,0,65,5.51655,2.47845,1,0,0
0,33,16,0,42,2.314074,2.683926,1,0,1
1,70,9,1,9,1.262196,.303804,1,0,0
1,23,17,0,26,1.302548,.621452,1,0,1
0,23,13,0,24,.518976,2.745024,1,1,1
0,25,17,0,66,1.260138,2.765862,1,1,1
0,36,18,0,97,2.281149,1.501851,1,0,1
1,23,16,0,35,3.89354,3.21146,1,1,0
0,33,18,0,66,3.133416,2.344584,1,0,1
1,21,15,0,24,1.62816,2.21184,1,0,1
0,25,12,0,19,.252624,.659376,1,0,0
1,43,17,0,115,8.12889,14.64111,1,1,1
0,65,18,0,36,3.770712,3.357288,1,1,0
1,37,19,0,84,2.426256,12.189744,1,0,1
1,42,19,0,59,4.308416,8.907584,1,0,1
1,31,17,0,152,10.55564,22.12436,1,0,1
0,36,19,0,47,3.68621,3.59879,1,1,1
1,26,20,0,31,.998324,1.574676,1,0,1
0,23,14,0,23,.621736,.804264,1,1,1
0,32,18,0,25,.607475,.567525,1,0,0
1,54,11,0,49,7.22358,9.97542,1,1,1
1,27,15,0,24,1.028928,1.179072,1,1,0
0,27,8,0,24,.499776,1.324224,1,1,0
1,22,17,0,22,.2772,1.3728,1,1,0
1,64,6,0,62,3.350046,10.103954,1,0,0
0,26,19,0,35,1.19021,2.23979,1,1,1
1,43,11,0,64,3.142656,13.753344,1,0,0
0,36,13,0,28,1.520736,5.423264,1,1,1
0,41,20,0,68,2.142816,8.465184,1,1,1
1,18,13,0,19,1.400376,1.411624,1,1,0
1,20,15,0,14,.207564,.380436,1,1,0
0,23,18,0,18,.478224,.997776,1,0,0
0,22,16,0,24,1.12464,1.51536,1,0,0
0,38,17,0,79,2.28784,12.01116,1,0,0
1,27,14,0,35,.835135,2.909865,1,1,1
1,39,15,0,23,2.502791,1.476209,1,0,1
1,24,19,0,31,1.490635,3.562365,1,1,1
0,26,14,0,35,6.552315,5.382685,1,1,1
1,45,12,0,30,1.08855,2.60145,1,1,1
0,37,10,0,48,6.419952,4.668048,1,0,1
1,23,10,0,35,.60795,.96705,1,1,0
0,41,19,0,273,21.405384,32.648616,1,0,1
0,25,20,0,27,1.582308,2.764692,1,0,0
1,25,17,0,24,1.701264,1.514736,1,1,1
1,52,22,0,35,.546595,2.848405,1,1,0
1,45,21,0,215,12.94386,24.25114,1,0,1
1,68,8,1,18,.08352,.27648,1,0,0
1,37,17,0,37,.662226,3.555774,1,1,0
1,36,17,0,45,1.52082,3.83418,1,1,0
1,19,14,0,27,3.411639,2.825361,1,1,0
1,29,16,0,43,1.139844,4.923156,1,0,1
1,31,17,0,35,6.868085,3.246915,1,0,0
0,26,14,0,32,.502656,1.129344,1,0,1
1,30,15,0,22,.912384,1.463616,1,0,1
1,18,9,0,16,.373056,1.770944,1,0,0
0,30,13,0,30,.81969,1.85031,1,1,1
0,40,13,0,41,1.355091,1.473909,1,1,1
1,31,15,0,30,2.30442,3.66558,1,0,0
1,22,17,0,38,1.863672,2.772328,1,0,0
1,24,17,0,27,2.94462,4.80438,1,1,1
1,28,19,0,53,.867875,5.757125,1,0,0
1,49,14,0,181,2.32947,11.78853,1,0,1
1,32,18,0,72,5.981472,13.890528,1,1,1
1,30,17,0,27,1.01574,2.06226,1,0,0
0,24,13,0,16,.10792,1.02808,1,0,0
0,22,10,0,20,.01144,.86856,1,1,1
0,30,20,0,90,.702,1.458,1,0,1
0,51,19,0,81,3.183138,4.754862,1,0,0
0,21,12,0,22,.796928,2.019072,1,0,1
1,27,14,0,37,1.191918,2.175082,1,1,1
1,44,17,0,119,11.527054,16.794946,1,0,1
0,33,17,0,47,4.92795,2.12205,1,0,0
1,19,14,0,24,.5544,1.8456,1,1,1
0,37,14,0,88,10.185648,6.622352,1,0,1
1,35,18,0,57,5.177367,7.419633,1,0,1
1,27,17,0,46,2.076762,2.569238,1,0,0
0,18,13,0,15,.37665,.43335,1,0,1
0,34,15,0,44,1.386,1.694,1,0,1
1,19,12,0,18,2.013444,1.694556,1,1,1
1,56,10,0,43,1.78192,4.58208,1,0,1
0,25,15,0,42,.975744,1.796256,1,1,1
0,24,19,0,20,1.15588,1.68412,1,0,1
0,22,13,0,25,.4815,1.7685,1,0,0
0,24,13,0,15,.23562,1.02438,1,1,1
1,23,14,0,25,1.67865,.64635,1,1,0
0,44,15,0,121,10.309684,33.008316,1,0,1
1,68,14,0,39,2.525328,3.012672,1,0,0
1,21,16,0,27,.61938,1.37862,1,0,0
0,18,13,0,15,.84303,.86697,1,1,1
0,21,16,0,17,.624138,2.333862,1,1,1
0,28,13,0,29,2.065496,1.298504,1,0,0
0,19,14,0,13,.824499,.306501,1,0,1
0,27,12,0,45,2.27106,3.30894,1,0,1
1,58,19,0,146,7.019826,6.558174,1,0,1
1,26,15,0,16,.37296,.29904,1,1,1
0,51,13,0,95,7.5411,10.4139,1,1,0
1,19,14,0,22,.521642,2.360358,1,1,0
0,50,15,0,118,9.29604,9.11196,1,1,0
0,20,12,0,21,.345072,1.313928,1,0,1
1,19,14,0,41,4.066216,2.247784,1,1,0
1,27,19,0,91,.494312,4.601688,1,0,0
0,18,13,0,20,.27216,.98784,1,0,1
1,50,17,0,142,16.052532,19.305468,1,1,1
0,26,19,0,37,.995078,3.185922,1,1,1
0,42,18,0,62,3.234726,6.251274,1,0,0
1,35,21,0,74,1.97802,2.90598,1,0,0
1,20,12,0,18,1.245888,.608112,1,1,0
1,28,12,0,19,.449616,.196384,1,0,0
1,62,17,0,160,19.35216,23.36784,1,0,1
1,36,17,0,101,8.585808,4.746192,1,0,0
1,58,18,0,140,13.09098,16.72902,1,0,1
0,20,15,0,18,.150912,1.001088,1,0,0
0,48,20,0,50,3.08175,2.16825,1,1,1
0,57,19,0,85,10.14543,19.51957,1,1,1
0,29,13,0,21,2.13528,3.07272,1,1,0
0,37,11,0,34,1.234948,3.083052,1,0,0
1,30,16,0,19,.445588,2.271412,1,0,1
0,23,15,0,28,.11592,1.56408,1,0,1
0,20,13,0,18,.466128,1.405872,1,0,0
0,21,16,0,28,.2961,1.8039,1,0,1
0,72,15,1,18,1.03626,.78174,1,0,0
0,57,20,0,170,1.56604,31.75396,1,0,1
1,20,15,0,18,1.04247,1.53153,1,1,1
0,69,18,1,103,15.66012,13.17988,1,1,0
0,26,9,0,20,.79248,2.32752,1,1,1
0,33,9,0,25,.618,1.957,1,0,0
1,21,16,0,15,.17172,.36828,1,1,0
1,30,11,0,37,2.37762,5.39238,1,1,1
0,31,9,0,22,.896126,.797874,1,0,1
1,27,17,0,33,1.068012,8.138988,1,0,1
0,36,20,0,41,.035014,.251986,1,0,1
0,37,14,0,85,7.829775,1.945225,1,1,1
1,21,13,0,21,.039249,.401751,1,1,1
1,62,13,0,276,44.24556,19.23444,1,1,1
1,39,16,0,83,.932256,.063744,1,1,0
0,19,14,0,17,.198101,.532899,1,0,1
0,45,18,0,92,3.060288,2.091712,1,0,0
1,29,11,0,35,3.2781,4.0719,1,0,1
1,36,16,0,43,1.805312,1.720688,1,1,1
0,21,8,0,18,.776448,1.527552,1,1,1
0,59,19,0,39,4.682301,3.546699,1,0,1
0,48,18,0,94,7.419984,4.988016,1,1,0
1,29,19,0,53,.784294,7.218706,1,1,1
1,25,18,0,24,1.386432,2.789568,1,1,0
1,57,17,0,107,9.96491,25.88009,1,0,1
0,25,12,0,19,1.054044,1.491956,1,0,1
1,22,12,0,21,.198534,.410466,1,1,1
0,26,12,0,18,.89262,.81738,1,0,1
0,25,16,0,25,1.1853,1.5147,1,1,1
0,60,13,0,168,14.868336,8.147664,1,0,0
1,29,22,0,31,.106764,.761236,1,1,1
0,78,21,1,24,2.089104,1.318896,1,1,1
0,27,21,0,53,.829556,.548444,1,1,1
1,27,16,0,21,1.102101,1.900899,1,0,0
1,31,12,0,24,1.504704,1.759296,1,1,1
1,20,12,0,22,.384406,1.837594,1,1,1
1,23,10,0,33,.424116,.697884,1,1,0
1,33,19,0,57,3.141726,4.097274,1,1,0
0,40,16,0,33,.8514,1.9866,1,0,0
1,22,14,0,24,.08832,.46368,1,1,0
0,23,15,0,20,.6417,1.2183,1,0,0
1,30,17,0,28,1.189608,4.942392,1,0,0
1,75,18,0,122,23.381178,17.000822,1,1,1
0,29,15,0,65,10.5378,3.1122,1,1,1
0,25,14,0,25,3.351675,1.673325,1,0,1
1,33,18,0,27,.700488,4.375512,1,1,1
0,55,17,0,27,.240462,1.730538,1,0,0
1,20,15,0,24,.284256,1.227744,1,0,0
0,60,16,0,72,3.183624,7.832376,1,1,0
0,21,9,0,17,.134096,1.837904,1,0,0
1,31,15,0,32,3.179808,2.676192,1,1,1
1,41,11,0,77,9.124038,8.354962,1,1,1
1,26,19,0,46,5.490468,2.375532,1,1,0
1,30,14,0,34,.93993,2.35807,1,1,1
1,29,14,0,24,.724224,1.483776,1,1,1
1,25,17,0,44,2.11816,4.26184,1,1,1
0,31,18,0,25,.20585,.94415,1,0,0
1,28,14,0,36,1.355292,1.848708,1,1,1
0,30,20,0,74,2.82532,3.98268,1,1,1
0,32,15,0,40,1.152,10.848,1,1,1
1,19,14,0,24,2.574768,2.081232,1,1,1
1,20,14,0,23,4.487967,2.343033,1,1,1
1,27,18,0,58,2.639232,11.106768,1,0,1
0,24,19,0,26,.496938,1.297062,1,0,0
1,18,13,0,14,.31955,.45045,1,0,1
0,49,18,0,42,2.67624,1.10376,1,0,0
0,36,19,0,27,.42957,1.89243,1,1,1
1,21,16,0,23,.11799,.75601,1,1,0
1,20,15,0,23,.795271,.837729,1,0,0
0,43,9,0,113,12.729563,10.887437,1,0,1
0,32,11,0,37,3.132864,3.860136,1,1,1
0,39,16,0,38,3.585148,2.532852,1,1,1
0,67,19,1,12,.3159,2.0241,1,1,0
0,29,17,0,30,1.82457,4.44543,1,0,0
0,43,16,0,81,1.775682,6.081318,1,0,0
1,18,13,0,18,.592704,2.053296,1,1,1
0,29,16,0,55,6.831,3.289,1,1,1
0,18,11,0,15,.02574,.16926,1,1,0
1,36,15,0,32,1.09392,3.99408,1,0,1
1,29,12,0,39,1.939938,1.063062,1,0,0
0,40,17,0,39,1.969968,4.894032,1,1,0
0,61,13,0,42,5.36403,6.68997,1,0,0
0,26,21,0,34,4.408032,3.037968,1,0,1
1,28,17,0,19,.591584,.472416,1,0,0
1,28,20,0,61,1.990674,2.523326,1,0,1
0,62,22,0,224,29.47392,4.79808,1,0,0
1,22,14,0,37,4.657338,3.556662,1,1,1
0,23,11,0,42,1.3566,2.6334,1,1,0
1,35,20,0,103,3.467598,6.111402,1,1,1
0,35,20,0,30,.6864,2.6136,1,0,0
1,69,10,0,67,2.177768,2.378232,1,1,0
1,36,18,0,45,1.97676,4.86324,1,0,0
1,24,19,0,30,3.27624,1.10376,1,1,1
0,24,11,0,19,.229425,1.955575,1,1,0
0,24,17,0,24,.148512,1.483488,1,0,1
1,48,21,0,165,15.8466,24.5784,1,1,1
0,27,15,0,69,2.341584,3.454416,1,0,1
1,31,12,0,40,2.72304,7.03696,1,0,0
0,27,15,0,23,1.342694,.980306,1,1,0
0,27,18,0,33,.60819,5.66181,1,1,1
0,64,21,0,63,7.569828,6.794172,1,1,0
0,18,12,0,30,1.02546,1.40454,1,0,0
1,26,17,0,20,.1776,1.4224,1,0,1
1,39,17,0,69,6.429489,7.163511,1,0,0
0,30,17,0,14,.603092,1.062908,1,0,0
1,55,13,0,185,11.936755,8.968245,1,1,1
0,28,12,0,21,.37485,1.20015,1,0,1
1,23,17,0,35,.76398,2.80602,1,1,1
0,21,12,0,25,.720875,1.104125,1,0,1
0,20,15,0,25,.882,2.268,1,0,0
0,55,20,0,30,2.51853,2.85147,1,0,0
1,25,13,0,24,.897024,5.246976,1,0,1
0,36,18,0,49,1.372,1.078,1,1,0
0,30,19,0,54,4.045626,7.888374,1,1,1
1,32,14,0,21,.06867,.24633,1,1,0
1,19,14,0,18,.042768,.173232,1,1,0
1,21,14,0,14,.17136,2.20864,1,0,0
0,27,18,0,21,.434322,.699678,1,0,1
1,21,14,0,17,.77894,.56406,1,0,1
1,62,11,0,116,12.5715,30.9285,1,1,1
1,33,20,0,55,1.38644,6.14856,1,0,1
1,25,10,0,18,.82485,.34515,1,1,1
1,59,13,0,26,2.233088,2.342912,1,0,1
0,18,13,0,16,.657536,.750464,1,0,0
1,32,16,0,30,2.41056,1.30944,1,0,0
1,30,12,0,50,.7912,3.8088,1,0,1
0,25,20,0,52,5.792228,2.891772,1,0,1
0,21,16,0,25,1.991175,1.483825,1,0,0
0,56,17,0,106,9.148224,17.139776,1,1,1
1,25,20,0,38,.0589,.3211,1,1,1
0,58,21,0,437,48.704524,16.408476,1,1,1
0,44,18,0,71,.796833,5.380167,1,1,1
0,71,16,0,96,5.626368,33.445632,1,1,1
1,21,16,0,13,.095004,1.035996,1,0,1
1,27,12,0,33,2.606208,1.617792,1,0,0
1,35,21,0,34,.1071,1.3209,1,0,0
1,37,12,0,40,1.24416,.91584,1,0,1
1,24,13,0,20,.26462,1.75538,1,0,0
1,63,14,0,170,17.84286,22.61714,1,0,1
0,56,17,0,575,4.2159,25.6841,1,0,1
0,38,20,0,88,7.911904,8.104096,1,0,1
0,57,15,0,288,11.085984,22.610016,1,1,1
1,25,17,0,16,.352512,.799488,1,1,0
0,23,18,0,15,.205275,1.519725,1,0,0
0,26,17,0,33,1.35432,2.40768,1,0,1
1,49,14,0,56,3.23568,2.75632,1,1,1
0,22,11,0,17,.283968,.804032,1,0,0
0,61,15,0,17,.45288,2.69212,1,1,1
1,26,21,0,89,2.085804,6.191196,1,0,1
1,35,15,0,53,3.252027,2.736973,1,0,0
0,51,14,0,83,3.3366,9.1134,1,0,1
0,47,19,0,189,5.021352,15.390648,1,1,1
1,45,17,0,62,.805876,7.502124,1,1,1
